id,relatorio,pagina,texto,entidades_sugeridas,entidades_corrigidas,status,notas
sireva_2017_t0063,sireva_2017,20,"Tabela 5. Suscetibilidade de cepas aos diferentes | Subtotal (3) | 30 | 17 | 56,7 | 13 | 43,3 | 0 | 0,0",(nenhuma),,,
sireva_2016_t0103,sireva_2016,23,"Tabela 2. Número de cepas invasivas por diagnóstico e grupo etário. | Sem dado | 6 | 18,8 | 14 | %: 43,8 | 12 | 37,5 | 0 | 0,0 | 32 | 3,7",(nenhuma),,,
sireva_2020_t0050,sireva_2020,24,"Tabela 5. Suscetibilidade a penicilina por grupo etário e diagnóstico. | Grupo etário: 12-23 meses | 0 | 0,0 | 3 | 100,0 | Total: 3","12-23 meses → FAIXA_ETARIA; 0 → METRICA_EPI; 0,0 → METRICA_EPI; 3 → METRICA_EPI; 100,0 → METRICA_EPI; 3 → METRICA_EPI",,,
sireva_2019_t0006,sireva_2019,14,"Tabela 1. Número de cepas por grupo etário e sexo. | Grupo etário: 30-49 anos | Sexo Masculino n: 21 | %: 60,0 | Feminino n: 14 | %: 40,0 | Sem dado n: 0 | %: 0,0 | Total n: 35 | %: 20,7","30-49 anos → FAIXA_ETARIA; Masculino → FAIXA_ETARIA; 21 → METRICA_EPI; 60,0 → METRICA_EPI; Feminino → FAIXA_ETARIA; 14 → METRICA_EPI; 40,0 → METRICA_EPI; Sem dado → FAIXA_ETARIA; 0 → METRICA_EPI; 0,0 → METRICA_EPI; 35 → METRICA_EPI; 20,7 → METRICA_EPI",,,
sireva_2015_t0051,sireva_2015,20,"Tabela 5. Suscetibilidade de cepas aos diferentes antimicrobianos. | Sem dado | 9 | 6 | 66,7 | 3 | 33,3 | 0 | 0,0",(nenhuma),,,
sireva_2019_t0031,sireva_2019,19,"Tabela 5. Suscetibilidade de cepas aos diferentes antimicrobianos. | Subtotal (1) | 49 | 17 | 34,7 | 32 | 65,3 | 0 | 0,0",(nenhuma),,,
sireva_2018_t0101,sireva_2018,26,"Tabela 5. Suscetibilidade a penicilina por grupo etário e diagnóstico. | Cepas de quadros de meningites Grupo etário: < 12 meses | Suscetibilidade a penicilina Suscetível ≤ 0,06 µg/ml n: 24 | %: 10,7 | Resistente ≥ 0,12 µg/ml n: 13 | %: 10,5 | Total n: 37","< 12 meses → FAIXA_ETARIA; meningites → MANIFESTACAO_CLINICA; penicilina → METODO_LAB; 24 → METRICA_EPI; 10,7 → METRICA_EPI; 13 → METRICA_EPI; 10,5 → METRICA_EPI; 37 → METRICA_EPI",,,
sireva_2018_t0060,sireva_2018,19,"Tabela 5. Suscetibilidade de cepas aos diferentes antimicrobianos. | Subtotal (2) | 132 | 77 | 58,3 | 55 | 41,7 | 0 | 0,0",(nenhuma),,,
sireva_2018_t0122,sireva_2018,35,"Tabela 8. Suscetibilidade a diferentes antimicrobianos por grupo etário. | Subtotal (1) | 57 | Ceftriaxona meningites (CIM) Suscetível n: 44 | %: 14,5 | Intermediário N: 9 | %: 29,0 | Resistente n: 4 | %: 26,7","Subtotal (1) → FAIXA_ETARIA; 57 → METRICA_EPI; Ceftriaxona → METODO_LAB; meningites → MANIFESTACAO_CLINICA; 44 → METRICA_EPI; 14,5 → METRICA_EPI; 9 → METRICA_EPI; 29,0 → METRICA_EPI; 4 → METRICA_EPI; 26,7 → METRICA_EPI",,,
sireva_2023_t0215,sireva_2023,36,"Grupo etário: 15-29 anos | n: 89 | Sulfametoxazol-Trimetoprim (KB ou CIM) & Suscetível n: 46 | %: 51,7 | n: 4 | %: 4,5 | Resistente n: 39 | %: 43,8","15-29 anos → FAIXA_ETARIA; 89 → METRICA_EPI; Sulfametoxazol-Trimetoprim → METODO_LAB; 46 → METRICA_EPI; 51,7 → METRICA_EPI; 4 → METRICA_EPI; 4,5 → METRICA_EPI; 39 → METRICA_EPI; 43,8 → METRICA_EPI",,,
sireva_2013_t0066,sireva_2013,23,"Tabela 2. Número de cepas invasivas por diagnóstico e grupo etário. | Grupo etário: < 12 meses | Diagnóstico Pneumonia n: 5 | 6,1 | 47 | 57,3 | 30 | 36,6 | 0 | 0,0 | 82 | 7,9","< 12 meses → FAIXA_ETARIA; Pneumonia → MANIFESTACAO_CLINICA; 5 → METRICA_EPI; 6,1 → METRICA_EPI; 47 → METRICA_EPI; 57,3 → METRICA_EPI; 30 → METRICA_EPI; 36,6 → METRICA_EPI; 0 → METRICA_EPI; 0,0 → METRICA_EPI; 82 → METRICA_EPI; 7,9 → METRICA_EPI",,,
sireva_2023_t0210,sireva_2023,36,"Subtotal (3) | 605 | n: 345 | %: 57,0 | n: 260 | %: 43,0",(nenhuma),,,
sireva_2018_t0034,sireva_2018,14,"Tabela 1. Número de cepas por grupo etário e sexo. | Grupo etário: Sem dado | Sexo Masculino n: 0 | %: 0,0 | Feminino n: 0 | %: 0,0 | Sem dado n: 0 | %: 0,0 | Total n: 0 | %: 0,0","Sem dado → FAIXA_ETARIA; Masculino → FAIXA_ETARIA; 0 → METRICA_EPI; 0,0 → METRICA_EPI; Feminino → FAIXA_ETARIA; 0 → METRICA_EPI; 0,0 → METRICA_EPI; Sem dado → FAIXA_ETARIA; 0 → METRICA_EPI; 0,0 → METRICA_EPI; 0 → METRICA_EPI; 0,0 → METRICA_EPI",,,
sireva_2014_t0058,sireva_2014,22,"Tabela 1. Número de cepas por grupo etário e sexo. | Grupo etário: 15-29 anos | Sexo Masculino: 82 | 66,1 | Feminino: 42 | 33,9 | Sem dado: 0 | 0,0 | Total: 124 | 11,9","15-29 anos → FAIXA_ETARIA; Masculino → FAIXA_ETARIA; 82 → METRICA_EPI; 66,1 → METRICA_EPI; Feminino → FAIXA_ETARIA; 42 → METRICA_EPI; 33,9 → METRICA_EPI; Sem dado → FAIXA_ETARIA; 0 → METRICA_EPI; 0,0 → METRICA_EPI; 124 → METRICA_EPI; 11,9 → METRICA_EPI",,,
sireva_2016_t0186,sireva_2016,39,"< 12 meses | 75 | 74 | 98,7 | 1 | 1,3","< 12 meses → FAIXA_ETARIA; 75 → METRICA_EPI; 74 → METRICA_EPI; 98,7 → METRICA_EPI; 1 → METRICA_EPI; 1,3 → METRICA_EPI",,,
sireva_2022_t0071,sireva_2022,20,"Tabela 2. Número de cepas invasivas por diagnóstico e grupo etário. | Grupo etário: 5-14 anos | Pneumonia: 22 | 23,9 | Meningites: 39 | 42,4 | 31 | 33,7 | Outros*: 0 | 0,0 | Total: 92 | 6,7","5-14 anos → FAIXA_ETARIA; Pneumonia → MANIFESTACAO_CLINICA; 22 → METRICA_EPI; 23,9 → METRICA_EPI; Meningites → MANIFESTACAO_CLINICA; 39 → METRICA_EPI; 42,4 → METRICA_EPI; 31 → METRICA_EPI; 33,7 → METRICA_EPI; Outros* → MANIFESTACAO_CLINICA; 0 → METRICA_EPI; 0,0 → METRICA_EPI; Total → MANIFESTACAO_CLINICA; 92 → METRICA_EPI; 6,7 → METRICA_EPI",,,
sireva_2013_t0012,sireva_2013,14,"Tabela 1. Número de cepas por grupo etário e sexo. | Sem dado | 4 | 30,8 | 9 | 69,2 | 0 | 0,0 | 13 | 3,4",(nenhuma),,,
sireva_2015_t0025,sireva_2015,15,"Tabela 2. Número de cepas por diagnóstico e grupo etário. | Sem dado | 4 | 44,4 | 1 | 11,1 | 4 | 44,4 | 9 | 4,1",(nenhuma),,,
sireva_2015_t0038,sireva_2015,16,"Tabela 3. Número de cepas por grupo etário e fonte de isolamento. | Sem dado | 5 | 55,6 | 4 | 44,4 | 9 | 4,1",(nenhuma),,,
sireva_2020_t0073,sireva_2020,31,"Subtotal (1) | 57 | 56 | 98,2 | 1 | 1,8",(nenhuma),,,
sireva_2013_t0025,sireva_2013,15,"Tabela 2. Número de cepas por diagnóstico e grupo etário. | Sem dado | Diagnóstico: 7 | 53,8 | Meningite e sepse: 0 | 0,0 | 6 | 46,2 | 0 | 0,0 | 13 | 3,4",(nenhuma),,,
sireva_2023_t0009,sireva_2023,5,"Tabela 1. Número de isolados invasivos por grupo etário e sexo | Grupo etário: 50-59 anos | Sexo Masculino n: 17 | %: 60,7 | Feminino n: 11 | %: 39,3 | Total n: 28 | %: 9,4","50-59 anos → FAIXA_ETARIA; Masculino → LOCAL; 17 → METRICA_EPI; 60,7 → METRICA_EPI; Feminino → LOCAL; 11 → METRICA_EPI; 39,3 → METRICA_EPI; 28 → METRICA_EPI; 9,4 → METRICA_EPI",,,
sireva_2016_t0002,sireva_2016,4,"Tabela 1. Número de cepas por grupo etário e sexo | 12-23 meses | 8 | 53,3 | 6 | 40,0 | 1 | 6,7 | 15 | 10,6","12-23 meses → FAIXA_ETARIA; 8 → METRICA_EPI; 53,3 → METRICA_EPI; 6 → METRICA_EPI; 40,0 → METRICA_EPI; 1 → METRICA_EPI; 6,7 → METRICA_EPI; 15 → METRICA_EPI; 10,6 → METRICA_EPI",,,
sireva_2017_t0104,sireva_2017,27,"Tabela 5. Suscetibilidade a penicilina por grupo etário e diagnóstico. | Cepas de quadros de meningites Grupo etário: 50-59 anos | Suscetibilidade a penicilina Suscetível ≤ 0,06 µg/ml n: 31 | %: 15,4 | Resistente ≥ 0,12 µg/ml n: 7 | %: 6,9 | Total n: 38","50-59 anos → FAIXA_ETARIA; meningites → MANIFESTACAO_CLINICA; penicilina → METODO_LAB; 31 → METRICA_EPI; 15,4 → METRICA_EPI; 7 → METRICA_EPI; 6,9 → METRICA_EPI; 38 → METRICA_EPI",,,
sireva_2022_t0168,sireva_2022,32,"Total | 1273 | n: 1268 | %: 99,6 | n: 5 | %: 0,4",(nenhuma),,,
sireva_2016_t0044,sireva_2016,15,"Tabela 2. Número de cepas por diagnóstico e grupo etário. | 5-14 anos | 32 | 74,4 | 2 | 4,7 | 9 | 20,9 | 43 | 20,6","5-14 anos → FAIXA_ETARIA; 32 → METRICA_EPI; 74,4 → METRICA_EPI; 2 → METRICA_EPI; 4,7 → METRICA_EPI; 9 → METRICA_EPI; 20,9 → METRICA_EPI; 43 → METRICA_EPI; 20,6 → METRICA_EPI",,,
sireva_2013_t0074,sireva_2013,23,"Tabela 2. Número de cepas invasivas por diagnóstico e grupo etário. | Grupo etário: Sem dado | Diagnóstico Pneumonia n: 5 | 8,5 | 21 | 35,6 | 33 | 55,9 | 0 | 0,0 | 59 | 5,7","Sem dado → FAIXA_ETARIA; Pneumonia → MANIFESTACAO_CLINICA; 5 → METRICA_EPI; 8,5 → METRICA_EPI; 21 → METRICA_EPI; 35,6 → METRICA_EPI; 33 → METRICA_EPI; 55,9 → METRICA_EPI; 0 → METRICA_EPI; 0,0 → METRICA_EPI; 59 → METRICA_EPI; 5,7 → METRICA_EPI",,,
sireva_2015_t0192,sireva_2015,38,"15-29 anos | 87 | 56 | 64,4 | 3 | 3,4 | 28 | 32,2","15-29 anos → FAIXA_ETARIA; 87 → METRICA_EPI; 56 → METRICA_EPI; 64,4 → METRICA_EPI; 3 → METRICA_EPI; 3,4 → METRICA_EPI; 28 → METRICA_EPI; 32,2 → METRICA_EPI",,,
sireva_2023_t0207,sireva_2023,36,"Subtotal (2) | 503 | n: 295 | %: 58,6 | n: 208 | %: 41,4",(nenhuma),,,
sireva_2017_t0013,sireva_2017,4,"Tabela 1. Número de cepas por grupo etário e sexo | Total | 75 | 59,1 | 46 | 36,2 | 6 | 4,7 | 127 | 100,0",(nenhuma),,,
sireva_2017_t0027,sireva_2017,14,"Tabela 1. Número de cepas por grupo etário e sexo. | Grupo etário: 12-23 meses | Sexo Masculino n: 2 | %: 22,2 | Feminino n: 7 | %: 77,8 | Sem dado n: 0 | %: 0,0 | Total n: 9 | %: 4,7","12-23 meses → FAIXA_ETARIA; Masculino → FAIXA_ETARIA; 2 → METRICA_EPI; 22,2 → METRICA_EPI; Feminino → FAIXA_ETARIA; 7 → METRICA_EPI; 77,8 → METRICA_EPI; Sem dado → FAIXA_ETARIA; 0 → METRICA_EPI; 0,0 → METRICA_EPI; 9 → METRICA_EPI; 4,7 → METRICA_EPI",,,
sireva_2014_t0025,sireva_2014,15,"Tabela 2. Número de cepas por diagnóstico e grupo etário. | Sem dado | Diagnóstico: 3 | 75,0 | Meningite e sepse: 0 | 0,0 | 1 | 25,0 | 0 | 0,0 | 4 | 1,3",(nenhuma),,,
sireva_2022_t0120,sireva_2022,30,"Tabela 8. Suscetibilidade a diferentes antimicrobianos por grupo etário. | Grupo etário: 12-23 meses | n: 15 | Ceftriaxona meningites (CIM) Suscetível: 8 | 53,3 | Resistente: 7 | 46,7","12-23 meses → FAIXA_ETARIA; Ceftriaxona → METODO_LAB; meningites → MANIFESTACAO_CLINICA; 15 → METRICA_EPI; 8 → METRICA_EPI; 53,3 → METRICA_EPI; 7 → METRICA_EPI; 46,7 → METRICA_EPI",,,
sireva_2021_t0048,sireva_2021,24,"Tabela 5. Suscetibilidade a penicilina por grupo etário e diagnóstico. | Grupo etário: 50-59 anos | 7 | 50,0 | 7 | 50,0 | Total: 14","50-59 anos → FAIXA_ETARIA; 7 → METRICA_EPI; 50,0 → METRICA_EPI; 7 → METRICA_EPI; 50,0 → METRICA_EPI; 14 → METRICA_EPI",,,
sireva_2013_t0086,sireva_2013,24,"Tabela 3. Número de cepas invasivas por grupo etário e fonte de isolamento | Sem dado | 38 | 64,4 | 18 | 30,5 | 3 | 5,1 | 0 | 0,0 | 59 | 5,7",(nenhuma),,,
sireva_2021_t0035,sireva_2021,21,"Tabela 3. Número de cepas invasivas por grupo etário e fonte de isolamento | Grupo etário: 50-59 anos | Hemocultura: 45 | 69,2 | LCR: 14 | 21,5 | 3 | 4,6 | 3 | 4,6 | Total: 65 | 15,6","50-59 anos → FAIXA_ETARIA; Hemocultura → METODO_LAB; 45 → METRICA_EPI; 69,2 → METRICA_EPI; LCR → METODO_LAB; 14 → METRICA_EPI; 21,5 → METRICA_EPI; 3 → METRICA_EPI; 4,6 → METRICA_EPI; 3 → METRICA_EPI; 4,6 → METRICA_EPI; 65 → METRICA_EPI; 15,6 → METRICA_EPI",,,
sireva_2024_t0107,sireva_2024,15,Tabela 2. Número de isolados invasivos por diagnóstico e grupo etário. | Sem dado | 0 | 0 | 0 | 0 | 0 | 0 | 0 | 0,(nenhuma),,,
sireva_2022_t0018,sireva_2022,5,"Tabela 2. Número de cepas por diagnóstico e grupo etário. | Subtotal (2) | 5 | 11,6 | 17 | 39,5 | 21 | 48,8 | 43 | 26,9",(nenhuma),,,
sireva_2019_t0038,sireva_2019,19,"Tabela 5. Suscetibilidade de cepas aos diferentes antimicrobianos. | Subtotal (3) | 34 | 16 | 47,1 | 18 | 52,9 | 0 | 0,0",(nenhuma),,,
sireva_2020_t0013,sireva_2020,19,"Tabela 1. Número de cepas por grupo etário e sexo. | Subtotal (1) | Sexo Masculino n: 25 | %: 42,4 | Feminino n: 30 | %: 50,8 | Sem dado n: 4 | %: 6,8 | Total n: 59 | %: 16,6","Subtotal (1) → FAIXA_ETARIA; Masculino → LOCAL; 25 → METRICA_EPI; 42,4 → METRICA_EPI; Feminino → LOCAL; 30 → METRICA_EPI; 50,8 → METRICA_EPI; Sem dado → LOCAL; 4 → METRICA_EPI; 6,8 → METRICA_EPI; 59 → METRICA_EPI; 16,6 → METRICA_EPI",,,
sireva_2024_t0187,sireva_2024,35,"Grupo etário: 15-29 anos | n: 109 | Eritromicina (KB ou CIM)& Suscetível n: 61 | %: 56,0 | Suscetível, aumentando exposição n: 0,0 | %: 0 | Resistente n: 48 | 44,0","15-29 anos → FAIXA_ETARIA; 109 → METRICA_EPI; Eritromicina → METODO_LAB; 61 → METRICA_EPI; 56,0 → METRICA_EPI; 0,0 → METRICA_EPI; 0 → METRICA_EPI; 48 → METRICA_EPI; 44,0 → METRICA_EPI",,,
sireva_2022_t0138,sireva_2022,30,"Tabela 8. Suscetibilidade a diferentes antimicrobianos por grupo etário. | Total | 922 | Ceftriaxona não meningites (CIM) & n: 662 | %: 71,8 | Suscetível, aumentando exposição n: 256 | %: 27,8 | n: 4 | %: 0,4","Ceftriaxona → METODO_LAB; não meningites → MANIFESTACAO_CLINICA; 662 → METRICA_EPI; 71,8 → METRICA_EPI; 256 → METRICA_EPI; 27,8 → METRICA_EPI; 4 → METRICA_EPI; 0,4 → METRICA_EPI",,,
sireva_2020_t0037,sireva_2020,21,"Tabela 3. Número de cepas invasivas por grupo etário e fonte de isolamento | Grupo etário: 12-23 meses | Hemocultura: 14 | 77,8 | LCR: 2 | 11,1 | 2 | 11,1 | 0 | 0,0 | Total: 18 | 5,1","12-23 meses → FAIXA_ETARIA; Hemocultura → METODO_LAB; 14 → METRICA_EPI; 77,8 → METRICA_EPI; LCR → METODO_LAB; 2 → METRICA_EPI; 11,1 → METRICA_EPI; 2 → METRICA_EPI; 11,1 → METRICA_EPI; 0 → METRICA_EPI; 0,0 → METRICA_EPI; 18 → METRICA_EPI; 5,1 → METRICA_EPI",,,
sireva_2015_t0064,sireva_2015,20,"Tabela 5. Suscetibilidade de cepas aos diferentes antimicrobianos. | Sem dado | 9 | 9 | 100,0 | 0 | 0,0 | 0 | 0,0",(nenhuma),,,
sireva_2014_t0111,sireva_2014,35,"Tabela 8. Suscetibilidade a diferentes antimicrobianos por grupo etário. | Grupo etário: Subtotal (1) | n: 57 | Ceftriaxona meningites (CIM) Suscetível n: 46 | %: 80,7 | Intermediário n: 5 | %: 8,8 | Resistente n: 6 | %: 10,5","Subtotal (1) → FAIXA_ETARIA; 57 → METRICA_EPI; Ceftriaxona → METODO_LAB; meningites → MANIFESTACAO_CLINICA; 46 → METRICA_EPI; 80,7 → METRICA_EPI; 5 → METRICA_EPI; 8,8 → METRICA_EPI; 6 → METRICA_EPI; 10,5 → METRICA_EPI",,,
sireva_2014_t0026,sireva_2014,15,"Tabela 2. Número de cepas por diagnóstico e grupo etário. | Grupo etário: Total | Meningite n: 202 | %: 65,6 | n: 12 | %: 3,9 | Sepse n: 93 | %: 30,2 | Pneumonia n: 1 | %: 0,3 | Total n: 308 | %: 100,0","Total → FAIXA_ETARIA; Meningite → MANIFESTACAO_CLINICA; 202 → METRICA_EPI; 65,6 → METRICA_EPI; 12 → METRICA_EPI; 3,9 → METRICA_EPI; Sepse → MANIFESTACAO_CLINICA; 93 → METRICA_EPI; 30,2 → METRICA_EPI; Pneumonia → MANIFESTACAO_CLINICA; 1 → METRICA_EPI; 0,3 → METRICA_EPI; 308 → METRICA_EPI; 100,0 → METRICA_EPI",,,
sireva_2017_t0025,sireva_2017,5,"Tabela 2. Número de cepas por diagnóstico e grupo etário. | Total | 25 | 19,7 | 42 | 33,1 | 60 | 47,2 | 127 | 100,0",(nenhuma),,,
sireva_2019_t0009,sireva_2019,14,"Tabela 1. Número de cepas por grupo etário e sexo. | Grupo etário: Sem dado | Sexo Masculino n: 0 | %: 0,0 | Feminino n: 0 | %: 0,0 | Sem dado n: 0 | %: 0,0 | Total n: 0 | %: 0,0","Sem dado → FAIXA_ETARIA; Masculino → FAIXA_ETARIA; 0 → METRICA_EPI; 0,0 → METRICA_EPI; Feminino → FAIXA_ETARIA; 0 → METRICA_EPI; 0,0 → METRICA_EPI; Sem dado → FAIXA_ETARIA; 0 → METRICA_EPI; 0,0 → METRICA_EPI; 0 → METRICA_EPI; 0,0 → METRICA_EPI",,,
sireva_2018_t0013,sireva_2018,4,"Tabela 1. Número de cepas por grupo etário e sexo | Total | 71 | 53,8 | 59 | 44,7 | 2 | 1,5 | 132 | 100,0",(nenhuma),,,
sireva_2022_t0161,sireva_2022,32,"Subtotal (1) | 372 | n: 372 | %: 100,0 | n: 0 | %: 0,0",(nenhuma),,,
sireva_2017_t0060,sireva_2017,20,"Tabela 5. Suscetibilidade de cepas aos diferentes | Subtotal (2) | 112 | 54 | 48,2 | 58 | 51,8 | 0 | 0,0",(nenhuma),,,
sireva_2023_t0201,sireva_2023,36,"Grupo etário: 12-23 meses | n: 62 | Eritromicina (KB ou CIM)* Suscetível: 28 | 45,2 | Resistente: 34 | 54,8","12-23 meses → FAIXA_ETARIA; 62 → METRICA_EPI; Eritromicina → METODO_LAB; 28 → METRICA_EPI; 45,2 → METRICA_EPI; 34 → METRICA_EPI; 54,8 → METRICA_EPI",,,
sireva_2023_t0060,sireva_2023,12,"Grupo etário: 30-49 anos | n: 31 | Cloranfenicol Suscetível n: 31 | %: 100,0 | Resistente n: 0 | %: 0,0","30-49 anos → FAIXA_ETARIA; 31 → METRICA_EPI; Cloranfenicol → METODO_LAB; 31 → METRICA_EPI; 100,0 → METRICA_EPI; 0 → METRICA_EPI; 0,0 → METRICA_EPI",,,
sireva_2023_t0015,sireva_2023,6,"Tabela 2. Número de isolados invasivos por diagnóstico e grupo etário. | Grupo etário: 15-29 anos | Diagnóstico Pneumonia n: 2 | %: 16,7 | Meningite n: 5 | %: 41,7 | Sepse/Bacteriemia n: 5 | %: 41,7 | Total n: 12 | %: 4,0","15-29 anos → FAIXA_ETARIA; Pneumonia → MANIFESTACAO_CLINICA; 2 → METRICA_EPI; 16,7 → METRICA_EPI; Meningite → MANIFESTACAO_CLINICA; 5 → METRICA_EPI; 41,7 → METRICA_EPI; Sepse/Bacteriemia → MANIFESTACAO_CLINICA; 5 → METRICA_EPI; 41,7 → METRICA_EPI; 12 → METRICA_EPI; 4,0 → METRICA_EPI",,,
sireva_2023_t0017,sireva_2023,6,"Tabela 2. Número de isolados invasivos por diagnóstico e grupo etário. | Subtotal (2) | 12 | 13,3 | 41 | 45,6 | 37 | 41,1 | 90 | 30,2",(nenhuma),,,
sireva_2024_t0131,sireva_2024,23,"Tabela 2. Número de isolados invasivos por diagnóstico e grupo etário. | Grupo etário: < 12 meses | Diagnóstico Pneumonia n: 11 | 9,8 | Meningites n: 51 | 45,5 | 49 | 43,8 | Outros* n: 1 | 0,9 | Total n: 112 | 4,9","< 12 meses → FAIXA_ETARIA; Pneumonia → MANIFESTACAO_CLINICA; 11 → METRICA_EPI; 9,8 → METRICA_EPI; Meningites → MANIFESTACAO_CLINICA; 51 → METRICA_EPI; 45,5 → METRICA_EPI; 49 → METRICA_EPI; 43,8 → METRICA_EPI; Outros* → MANIFESTACAO_CLINICA; 1 → METRICA_EPI; 0,9 → METRICA_EPI; 112 → METRICA_EPI; 4,9 → METRICA_EPI",,,
sireva_2015_t0152,sireva_2015,37,"Tabela 8.Suscetibilidade a diferentes antimicrobianos por grupo etário. | 12-23 meses | 11 | 10 | 90,9 | 1 | 9,1 | 0 | 0,0","12-23 meses → FAIXA_ETARIA; 11 → METRICA_EPI; 10 → METRICA_EPI; 90,9 → METRICA_EPI; 1 → METRICA_EPI; 9,1 → METRICA_EPI; 0 → METRICA_EPI; 0,0 → METRICA_EPI",,,
sireva_2022_t0064,sireva_2022,19,"Tabela 1. Número de cepas por grupo etário e sexo. | Subtotal (3) | Sexo Masculino n: 270 | %: 51,3 | Feminino n: 256 | %: 48,7 | Sem dado n: 0 | %: 0,0 | Total n: 526 | %: 38,5","Subtotal (3) → FAIXA_ETARIA; Masculino → LOCAL; 270 → METRICA_EPI; 51,3 → METRICA_EPI; Feminino → LOCAL; 256 → METRICA_EPI; 48,7 → METRICA_EPI; Sem dado → LOCAL; 0 → METRICA_EPI; 0,0 → METRICA_EPI; 526 → METRICA_EPI; 38,5 → METRICA_EPI",,,
sireva_2019_t0126,sireva_2019,34,"Subtotal (1) | 174 | 173 | 99,4 | 1 | 0,6",(nenhuma),,,
sireva_2023_t0178,sireva_2023,28,"Grupo etário: Sem dado | 0 | 0,0 | 0 | 0,0 | 0 | 0 | Total: 0",(nenhuma),,,
sireva_2013_t0031,sireva_2013,16,"Tabela 3. Número de cepas por grupo etário e fonte de isolamento. | 5-14 anos | 25 | 26,0 | 70 | 72,9 | 1 | 1,0 | 96 | 25,0","5-14 anos → FAIXA_ETARIA; 25 → METRICA_EPI; 26,0 → METRICA_EPI; 70 → METRICA_EPI; 72,9 → METRICA_EPI; 1 → METRICA_EPI; 1,0 → METRICA_EPI; 96 → METRICA_EPI; 25,0 → METRICA_EPI",,,
sireva_2016_t0038,sireva_2016,14,"Tabela 1. Número de cepas por grupo etário e sexo. | Sem dado | 4 | 44,4 | 5 | 55,6 | 0 | 0,0 | 9 | 4,3",(nenhuma),,,
sireva_2014_t0009,sireva_2014,14,"Tabela 1. Número de cepas por grupo etário e sexo. | 50-59 anos | 6 | 26,1 | 17 | 73,9 | 0 | 0,0 | 23 | 7,5","50-59 anos → FAIXA_ETARIA; 6 → METRICA_EPI; 26,1 → METRICA_EPI; 17 → METRICA_EPI; 73,9 → METRICA_EPI; 0 → METRICA_EPI; 0,0 → METRICA_EPI; 23 → METRICA_EPI; 7,5 → METRICA_EPI",,,
sireva_2019_t0040,sireva_2019,19,"Tabela 5. Suscetibilidade de cepas aos diferentes antimicrobianos. | Total | 166 | 63 | 38,0 | 103 | 65,0 | 0 | 0,0",(nenhuma),,,
sireva_2017_t0028,sireva_2017,14,"Tabela 1. Número de cepas por grupo etário e sexo. | Grupo etário: 24-59 meses | Sexo Masculino n: 4 | %: 36,4 | Feminino n: 7 | %: 63,6 | Sem dado n: 0 | %: 0,0 | Total n: 11 | %: 5,8","24-59 meses → FAIXA_ETARIA; Masculino → FAIXA_ETARIA; 4 → METRICA_EPI; 36,4 → METRICA_EPI; Feminino → FAIXA_ETARIA; 7 → METRICA_EPI; 63,6 → METRICA_EPI; Sem dado → FAIXA_ETARIA; 0 → METRICA_EPI; 0,0 → METRICA_EPI; 11 → METRICA_EPI; 5,8 → METRICA_EPI",,,
sireva_2024_t0081,sireva_2024,13,"Grupo etário: Subtotal (3) | n: 65 | Sulfametoxazol - Trimetoprim - SXT (KB) Suscetível n: 51 | %: 78,5 | Suscetível, aumentanto exposição n: 0 | %: 0,0 | Resistente n: 14 | %: 21,5","Subtotal (3) → FAIXA_ETARIA; 65 → METRICA_EPI; Sulfametoxazol - Trimetoprim - SXT → METODO_LAB; 51 → METRICA_EPI; 78,5 → METRICA_EPI; 0 → METRICA_EPI; 0,0 → METRICA_EPI; 14 → METRICA_EPI; 21,5 → METRICA_EPI",,,
sireva_2018_t0142,sireva_2018,35,"Tabela 8. Suscetibilidade a diferentes antimicrobianos por grupo etário. | Subtotal (3) | 207 | Ceftriaxona não meningites (CIM) Suscetível n: 200 | %: 47,6 | Intermediário n: 7 | %: 29,2 | Resistente n: 0 | %: 0,0","Subtotal (3) → FAIXA_ETARIA; 207 → METRICA_EPI; Ceftriaxona → METODO_LAB; não meningites → MANIFESTACAO_CLINICA; 200 → METRICA_EPI; 47,6 → METRICA_EPI; 7 → METRICA_EPI; 29,2 → METRICA_EPI; 0 → METRICA_EPI; 0,0 → METRICA_EPI",,,
sireva_2017_t0030,sireva_2017,14,"Tabela 1. Número de cepas por grupo etário e sexo. | Grupo etário: 15-29 anos | Sexo Masculino n: 24 | %: 53,3 | Feminino n: 21 | %: 46,7 | Sem dado n: 0 | %: 0,0 | Total n: 45 | %: 23,6","15-29 anos → FAIXA_ETARIA; Masculino → FAIXA_ETARIA; 24 → METRICA_EPI; 53,3 → METRICA_EPI; Feminino → FAIXA_ETARIA; 21 → METRICA_EPI; 46,7 → METRICA_EPI; Sem dado → FAIXA_ETARIA; 0 → METRICA_EPI; 0,0 → METRICA_EPI; 45 → METRICA_EPI; 23,6 → METRICA_EPI",,,
sireva_2023_t0199,sireva_2023,35,"Tabela 8. Suscetibilidade a diferentes antimicrobianos por grupo etário. | Total | 1028 | Ceftriaxona não meningites (CIM) & n: 816 | %: 79,4 | Suscetível, aumentando exposição n: 208 | %: 20,2 | n: 4 | %: 0,4","Ceftriaxona → METODO_LAB; não meningites → MANIFESTACAO_CLINICA; 816 → METRICA_EPI; 79,4 → METRICA_EPI; 208 → METRICA_EPI; 20,2 → METRICA_EPI; 4 → METRICA_EPI; 0,4 → METRICA_EPI",,,
sireva_2013_t0007,sireva_2013,14,"Tabela 1. Número de cepas por grupo etário e sexo. | 30-49 anos | 39 | 47,0 | 44 | 53,0 | 0 | 0,0 | 83 | 21,6","30-49 anos → FAIXA_ETARIA; 39 → METRICA_EPI; 47,0 → METRICA_EPI; 44 → METRICA_EPI; 53,0 → METRICA_EPI; 0 → METRICA_EPI; 0,0 → METRICA_EPI; 83 → METRICA_EPI; 21,6 → METRICA_EPI",,,
sireva_2021_t0064,sireva_2021,32,"Subtotal (1) | 103 | 103 | 100,0 | 0 | 0,0",(nenhuma),,,
sireva_2016_t0064,sireva_2016,16,"Tabela 3. Número de cepas por grupo etário e fonte de isolamento. | Sem dado | 2 | 22,2 | 7 | 77,8 | 9 | 4,3",(nenhuma),,,
sireva_2021_t0046,sireva_2021,24,"Tabela 5. Suscetibilidade a penicilina por grupo etário e diagnóstico. | Grupo etário: 30-49 anos | 20 | 71,4 | 8 | 28,6 | Total: 28","30-49 anos → FAIXA_ETARIA; 20 → METRICA_EPI; 71,4 → METRICA_EPI; 8 → METRICA_EPI; 28,6 → METRICA_EPI; 28 → METRICA_EPI",,,
sireva_2020_t0031,sireva_2020,20,"Tabela 2. Número de cepas invasivas por diagnóstico e grupo etário. | Grupo etário: 50-59 anos | Pneumonia: 5 | 8,6 | Meningites: 15 | 25,9 | 36 | 62,1 | Outros*: 2 | 3,4 | Total: 58 | 16,3","50-59 anos → FAIXA_ETARIA; Pneumonia → MANIFESTACAO_CLINICA; 5 → METRICA_EPI; 8,6 → METRICA_EPI; Meningites → MANIFESTACAO_CLINICA; 15 → METRICA_EPI; 25,9 → METRICA_EPI; 36 → METRICA_EPI; 62,1 → METRICA_EPI; Outros* → MANIFESTACAO_CLINICA; 2 → METRICA_EPI; 3,4 → METRICA_EPI; 58 → METRICA_EPI; 16,3 → METRICA_EPI",,,
sireva_2018_t0091,sireva_2018,22,"Tabela 2. Número de cepas invasivas por diagnóstico e grupo etário. | Total | Diagnóstico: 91 | 100,0 | 349 | %: 100,0 | Sepsis/ Bacteriemia: 340 | 100,0 | 13 | 100,0 | 793 | 100,0",(nenhuma),,,
sireva_2018_t0025,sireva_2018,5,"Tabela 2. Número de cepas por diagnóstico e grupo etário. | Total | 19 | 14,4 | 44 | 33,3 | 69 | 52,3 | 132 | 100,0",(nenhuma),,,
sireva_2014_t0154,sireva_2014,36,"Grupo etário: Subtotal (3) | n: 418 | Suscetível n: 294 | %: 70,3 | Intermediário n: 26 | %: 6,2 | Resistente n: 98 | %: 23,4","Subtotal (3) → FAIXA_ETARIA; 418 → METRICA_EPI; 294 → METRICA_EPI; 70,3 → METRICA_EPI; 26 → METRICA_EPI; 6,2 → METRICA_EPI; 98 → METRICA_EPI; 23,4 → METRICA_EPI",,,
sireva_2022_t0099,sireva_2022,24,"Tabela 5. Suscetibilidade a penicilina por grupo etário e diagnóstico. | Grupo etário: 30-49 anos | 39 | 48,8 | 41 | 51,3 | Total: 80","30-49 anos → FAIXA_ETARIA; 39 → METRICA_EPI; 48,8 → METRICA_EPI; 41 → METRICA_EPI; 51,3 → METRICA_EPI; 80 → METRICA_EPI",,,
sireva_2024_t0055,sireva_2024,12,"30-49 anos | 17 | Cloranfenicol: 17 | 100,0 | 0 | %: 0,0","30-49 anos → FAIXA_ETARIA; 17 → METRICA_EPI; Cloranfenicol → METODO_LAB; 17 → METRICA_EPI; 100,0 → METRICA_EPI; 0 → METRICA_EPI; 0,0 → METRICA_EPI",,,
sireva_2015_t0090,sireva_2015,21,"Sem dado | 9 | 9 | 100,0 | 0 | 0,0 | 0 | 0,0",(nenhuma),,,
sireva_2015_t0175,sireva_2015,38,"< 12 meses | 60 | 46 | 76,7 | 0 | 0,0 | 14 | 23,3","< 12 meses → FAIXA_ETARIA; 60 → METRICA_EPI; 46 → METRICA_EPI; 76,7 → METRICA_EPI; 0 → METRICA_EPI; 0,0 → METRICA_EPI; 14 → METRICA_EPI; 23,3 → METRICA_EPI",,,
sireva_2014_t0012,sireva_2014,14,"Tabela 1. Número de cepas por grupo etário e sexo. | Sem dado | 2 | 50,0 | 2 | 50,0 | 0 | 0,0 | 4 | 1,3",(nenhuma),,,
sireva_2013_t0038,sireva_2013,16,"Tabela 3. Número de cepas por grupo etário e fonte de isolamento. | Sem dado | 6 | 46,2 | 7 | 53,8 | 0 | 0,0 | 13 | 3,4",(nenhuma),,,
sireva_2014_t0008,sireva_2014,14,"Tabela 1. Número de cepas por grupo etário e sexo. | Grupo etário: Subtotal (2) | Sexo Masculino n: 108 | %: 56,0 | Feminino n: 85 | %: 44,0 | Sem dado n: 0 | %: 0,0 | Total n: 193 | %: 62,7","Subtotal (2) → FAIXA_ETARIA; Masculino → LOCAL; 108 → METRICA_EPI; 56,0 → METRICA_EPI; Feminino → LOCAL; 85 → METRICA_EPI; 44,0 → METRICA_EPI; Sem dado → LOCAL; 0 → METRICA_EPI; 0,0 → METRICA_EPI; 193 → METRICA_EPI; 62,7 → METRICA_EPI",,,
sireva_2020_t0060,sireva_2020,24,"Tabela 5. Suscetibilidade a penicilina por grupo etário e diagnóstico. | Grupo etário: Sem dado | 0 | 0,0 | 0 | 0,0 | Total: 0","Sem dado → FAIXA_ETARIA; 0 → METRICA_EPI; 0,0 → METRICA_EPI; 0 → METRICA_EPI; 0,0 → METRICA_EPI; 0 → METRICA_EPI",,,
sireva_2020_t0021,sireva_2020,19,"Tabela 1. Número de cepas por grupo etário e sexo. | Grupo etário: Sem dado | 0 | 0,0 | 0 | 0,0 | 0 | 0,0 | 0 | 0,0",(nenhuma),,,
sireva_2024_t0120,sireva_2024,16,Tabela 3. Número de isolados invasivos por grupo etário e fonte de isolamento. | Sem dado | 0 | %: 0 | 0 | 0 | 0 | 0 | Total n: 0 | %: 0,(nenhuma),,,
sireva_2016_t0116,sireva_2016,24,"Tabela 3. Número de cepas invasivas por grupo etário e fonte de isolamento | Sem dado | 15 | 46,9 | 13 | 40,6 | 4 | 12,5 | 0 | 0,0 | Total n: 32 | 3,7","15 → METRICA_EPI; 46,9 → METRICA_EPI; 13 → METRICA_EPI; 40,6 → METRICA_EPI; 4 → METRICA_EPI; 12,5 → METRICA_EPI; 0 → METRICA_EPI; 0,0 → METRICA_EPI; 32 → METRICA_EPI; 3,7 → METRICA_EPI",,,
sireva_2018_t0022,sireva_2018,5,"Tabela 2. Número de cepas por diagnóstico e grupo etário. | Grupo etário: 50-59 anos | Diagnóstico Pneumonia n: 1 | %: 14,3 | Meningite n: 3 | %: 42,9 | Sepse/Bacteriemia n: 3 | %: 42,9 | Total n: 7 | %: 5,3","50-59 anos → FAIXA_ETARIA; Pneumonia → MANIFESTACAO_CLINICA; 1 → METRICA_EPI; 14,3 → METRICA_EPI; Meningite → MANIFESTACAO_CLINICA; 3 → METRICA_EPI; 42,9 → METRICA_EPI; Sepse/Bacteriemia → MANIFESTACAO_CLINICA; 3 → METRICA_EPI; 42,9 → METRICA_EPI; 7 → METRICA_EPI; 5,3 → METRICA_EPI",,,
sireva_2019_t0095,sireva_2019,32,"Tabela 8. Suscetibilidade a diferentes antimicrobianos por grupo etário. | Grupo etário: 24-59 meses | n: 27 | Ceftriaxona meningites (CIM)* Suscetível n: 14 | 51,9 | 7 | 25,9 | 6 | 22,2","24-59 meses → FAIXA_ETARIA; 27 → METRICA_EPI; Ceftriaxona → METODO_LAB; meningites → MANIFESTACAO_CLINICA; 14 → METRICA_EPI; 51,9 → METRICA_EPI; 7 → METRICA_EPI; 25,9 → METRICA_EPI; 6 → METRICA_EPI; 22,2 → METRICA_EPI",,,
sireva_2024_t0149,sireva_2024,27,"Tabela 5. Suscetibilidade a penicilina por grupo etário e diagnóstico. | Cepas de quadros de meningites Grupo etário: < 12 meses | Suscetibilidade a penicilina Suscetível ≤ 0,06 mg/L n: 17 | 68,0 | Resistente* ≥ 0,12 mg/L n: 8 | 32,0 | Total n: 25","< 12 meses → FAIXA_ETARIA; meningites → MANIFESTACAO_CLINICA; penicilina → METODO_LAB; 17 → METRICA_EPI; 68,0 → METRICA_EPI; 8 → METRICA_EPI; 32,0 → METRICA_EPI; 25 → METRICA_EPI",,,
sireva_2019_t0089,sireva_2019,26,"Tabela 5. Suscetibilidade a penicilina por grupo etário e diagnóstico. | Grupo etário: ≥ 60 anos | 42 | 70,0 | Resistente ≥ 0,12 µg/ml n: 18 | 30,0 | Total: 60","≥ 60 anos → FAIXA_ETARIA; 42 → METRICA_EPI; 70,0 → METRICA_EPI; Resistente ≥ 0,12 µg/ml → METODO_LAB; 18 → METRICA_EPI; 30,0 → METRICA_EPI; 60 → METRICA_EPI",,,
sireva_2022_t0043,sireva_2022,9,"Tabela 6. Suscetibilidade de cepas aos diferentes antimicrobianos. | Subtotal (3) | 45 | Suscetível n: 31 | %: 68,9 | Intermediário n: 0 | %: 0,0 | Resistente n: 14 | %: 31,1","Subtotal (3) → FAIXA_ETARIA; 45 → METRICA_EPI; 31 → METRICA_EPI; 68,9 → METRICA_EPI; 0 → METRICA_EPI; 0,0 → METRICA_EPI; 14 → METRICA_EPI; 31,1 → METRICA_EPI",,,
sireva_2024_t0094,sireva_2024,14,"Tabela 1. Número de isolados invasivos por grupo etário e sexo. | Sem dado | 0 | 0,00 | 0 | 0,00 | 0 | 0,00 | 0 | 0,00",(nenhuma),,,
sireva_2021_t0027,sireva_2021,21,"Tabela 3. Número de cepas invasivas por grupo etário e fonte de isolamento | Grupo etário: < 12 meses | Hemocultura: 37 | 71,2 | LCR: 12 | 23,1 | 3 | 5,8 | 0 | 0,0 | Total: 52 | 12,5","< 12 meses → FAIXA_ETARIA; Hemocultura → METODO_LAB; 37 → METRICA_EPI; 71,2 → METRICA_EPI; LCR → METODO_LAB; 12 → METRICA_EPI; 23,1 → METRICA_EPI; 3 → METRICA_EPI; 5,8 → METRICA_EPI; 0 → METRICA_EPI; 0,0 → METRICA_EPI; 52 → METRICA_EPI; 12,5 → METRICA_EPI",,,
sireva_2021_t0068,sireva_2021,32,"Subtotal (2) | 131 | 131 | 100,0 | 0 | 0,0",(nenhuma),,,
sireva_2024_t0171,sireva_2024,34,"Tabela 8. Suscetibilidade a diferentes antimicrobianos por grupo etário. | Grupo etário: 15-29 anos | n: 30 | Ceftriaxona meningites (CIM) S u s c e tível n: 26 | %: 86,7 | 4 | %: 13,3","15-29 anos → FAIXA_ETARIA; 30 → METRICA_EPI; Ceftriaxona → METODO_LAB; meningites → MANIFESTACAO_CLINICA; 26 → METRICA_EPI; 86,7 → METRICA_EPI; 4 → METRICA_EPI; 13,3 → METRICA_EPI",,,
sireva_2016_t0025,sireva_2016,5,"Tabela 2. Número de cepas por diagnóstico e grupo etário. | Sem dado | 3 | 30,0 | 0 | 0,0 | 7 | 70,0 | 10 | 7,1",(nenhuma),,,
sireva_2015_t0055,sireva_2015,20,"Tabela 5. Suscetibilidade de cepas aos diferentes antimicrobianos. | 24-59 meses | 26 | 26 | 100,0 | 0 | 0,0 | 0 | 0,0","24-59 meses → FAIXA_ETARIA; 26 → METRICA_EPI; 100,0 → METRICA_EPI; 0 → METRICA_EPI; 0,0 → METRICA_EPI",,,
sireva_2016_t0051,sireva_2016,15,"Tabela 2. Número de cepas por diagnóstico e grupo etário. | Sem dado | 7 | 77,8 | 0 | 0,0 | 2 | 22,2 | 9 | 4,3",(nenhuma),,,
