status,sentenca_id,relatorio,pagina,texto,spans_silver,spans_correto,notas
pendente,informe_meningite_ed02_s0072,informe_meningite_ed02,4,2 Dados de 2025 representam casos confirmados com data de início de sintomas entre 1º/1/2025 até 30/6/2025; dados sujeitos a al ter ações.,"[{""texto"": ""2025"", ""tipo"": ""PERIODO_TEMPORAL""}, {""texto"": ""1º/1/2025 até 30/6/2025"", ""tipo"": ""PERIODO_TEMPORAL""}]","[{""texto"": ""2025"", ""tipo"": ""PERIODO_TEMPORAL""}, {""texto"": ""1º/1/2025 até 30/6/2025"", ""tipo"": ""PERIODO_TEMPORAL""}]",
pendente,boletim_epidemiologico_v50_n03_s0062,boletim_epidemiologico_v50_n03,4,"Streptococcus (sp., pyogenes, agalactiae)","[{""texto"": ""Streptococcus"", ""tipo"": ""PATOGENO""}]","[{""texto"": ""Streptococcus"", ""tipo"": ""PATOGENO""}]",
pendente,boletim_epidemiologico_nesp_s0342,boletim_epidemiologico_nesp,24,"5  a transmissão está estabelecida em estados da região Nordeste (alagoas, Bahia, Paraíba, Pernambuco, rio grande do Norte e Sergipe) e da região Sudeste (Espírito Santo e Minas gerais). além disso, há transmissão focal nos estados do Maranhão, ceará, Pará, rio de Janeiro e São Paulo (Figura 1).","[{""texto"": ""região Nordeste"", ""tipo"": ""LOCAL""}, {""texto"": ""Alagoas"", ""tipo"": ""LOCAL""}, {""texto"": ""Bahia"", ""tipo"": ""LOCAL""}, {""texto"": ""Paraíba"", ""tipo"": ""LOCAL""}, {""texto"": ""Pernambuco"", ""tipo"": ""LOCAL""}, {""texto"": ""Rio Grande do Norte"", ""tipo"": ""LOCAL""}, {""texto"": ""Sergipe"", ""tipo"": ""LOCAL""}, {""texto"": ""região Sudeste"", ""tipo"": ""LOCAL""}, {""texto"": ""Espírito Santo"", ""tipo"": ""LOCAL""}, {""texto"": ""Minas Gerais"", ""tipo"": ""LOCAL""}, {""texto"": ""Maranhão"", ""tipo"": ""LOCAL""}, {""texto"": ""Ceará"", ""tipo"": ""LOCAL""}, {""texto"": ""Pará"", ""tipo"": ""LOCAL""}, {""texto"": ""Rio de Janeiro"", ""tipo"": ""LOCAL""}, {""texto"": ""São Paulo"", ""tipo"": ""LOCAL""}]","[{""texto"": ""região Nordeste"", ""tipo"": ""LOCAL""}, {""texto"": ""Alagoas"", ""tipo"": ""LOCAL""}, {""texto"": ""Bahia"", ""tipo"": ""LOCAL""}, {""texto"": ""Paraíba"", ""tipo"": ""LOCAL""}, {""texto"": ""Pernambuco"", ""tipo"": ""LOCAL""}, {""texto"": ""Rio Grande do Norte"", ""tipo"": ""LOCAL""}, {""texto"": ""Sergipe"", ""tipo"": ""LOCAL""}, {""texto"": ""região Sudeste"", ""tipo"": ""LOCAL""}, {""texto"": ""Espírito Santo"", ""tipo"": ""LOCAL""}, {""texto"": ""Minas Gerais"", ""tipo"": ""LOCAL""}, {""texto"": ""Maranhão"", ""tipo"": ""LOCAL""}, {""texto"": ""Ceará"", ""tipo"": ""LOCAL""}, {""texto"": ""Pará"", ""tipo"": ""LOCAL""}, {""texto"": ""Rio de Janeiro"", ""tipo"": ""LOCAL""}, {""texto"": ""São Paulo"", ""tipo"": ""LOCAL""}]",
pendente,boletim_epidemiologico_n25_s0580,boletim_epidemiologico_n25,37,"Informamos que o quantitativo disponibilizado à Secretaria de Saúde de São Paulo atualmente é entregue diretamente pelo Butantan e o quantitativo disponibilizado à Secretaria de Saúde do Rio de Janeiro diretamente pela Fiocruz, não passando pelo Centro de Distribuição e Armazenagem (CDL) do Ministério da Saúde.",[],[],
pendente,sireva_2014_s0084,sireva_2014,29,Streptococcus pneumoniae,"[{""texto"": ""Streptococcus pneumoniae"", ""tipo"": ""PATOGENO""}]","[{""texto"": ""Streptococcus pneumoniae"", ""tipo"": ""PATOGENO""}]",
pendente,sireva_2021_s0042,sireva_2021,15,Neisseria meningitidis,"[{""texto"": ""Neisseria meningitidis"", ""tipo"": ""PATOGENO""}]","[{""texto"": ""Neisseria meningitidis"", ""tipo"": ""PATOGENO""}]",
pendente,sireva_2023_s0145,sireva_2023,33,"Suscetibilidade a penicilina em  ≥ 5 anos, por sorotipo e diagnóstico.","[{""texto"": ""≥ 5 anos"", ""tipo"": ""FAIXA_ETARIA""}]","[{""texto"": ""≥ 5 anos"", ""tipo"": ""FAIXA_ETARIA""}]",
pendente,informe_meningite_ed01_s0119,informe_meningite_ed01,6,Ignorado/sem informação,[],[],
pendente,sireva_2017_s0091,sireva_2017,33,"Suscetibilidade a penicilina em  ≥ 5 anos, por sorotipo e diagnóstico.","[{""texto"": ""≥ 5 anos"", ""tipo"": ""FAIXA_ETARIA""}]","[{""texto"": ""≥ 5 anos"", ""tipo"": ""FAIXA_ETARIA""}]",
pendente,sireva_2015_s0111,sireva_2015,35,Cepas de quadros não meningites,[],[],
pendente,sireva_2023_s0020,sireva_2023,2,Streptococcus pneumoniae,"[{""texto"": ""Streptococcus pneumoniae"", ""tipo"": ""PATOGENO""}]","[{""texto"": ""Streptococcus pneumoniae"", ""tipo"": ""PATOGENO""}]",
pendente,sireva_2022_s0098,sireva_2022,28,"Suscetível, aumentando a exposição (mg/mL)",[],[],
pendente,sireva_2018_s0147,sireva_2018,38,Rio Grande do Norte (RN),"[{""texto"": ""Rio Grande do Norte"", ""tipo"": ""LOCAL""}]","[{""texto"": ""Rio Grande do Norte"", ""tipo"": ""LOCAL""}]",
pendente,sireva_2021_s0260,sireva_2021,36,Ana Paula Lobo Jatene,[],[],
pendente,sireva_2014_s0226,sireva_2014,40,Hospital das Clinicas da Fac. de Medicina da USP,[],[],
pendente,sireva_2013_s0182,sireva_2013,40,"Hospital das Clínicas da Fac. de Medicina, UNICAMP",[],[],
pendente,sireva_2013_s0242,sireva_2013,41,"Hospital das Clínicas da Fac. de Medicina, Univ. Federal de",[],[],
pendente,boletim_epidemiologico_nesp_s0377,boletim_epidemiologico_nesp,26,New York: Springer; 2015. p. 11-43.,[],[],
pendente,sireva_2024_s0013,sireva_2024,4,"Essa  vigilância  de  base  laboratorial  é  fundamental  para  se  avaliar  o impacto das  vacinas sobre os  sorogrupos e  sorotipos  dos  principais  agentes bacterianos causador de meningites e pneumonias, assim como para avaliar o perfil de resistência aos antimicrobianos.",[],[],
pendente,sireva_2013_s0090,sireva_2013,31,Cepas de quadros não meningites,[],[],
pendente,sireva_2013_s0063,sireva_2013,24,Fonte de isolamento,[],[],
pendente,boletim_epidemiologico_n38_s0359,boletim_epidemiologico_n38,24,2021;39(3):605-16. [Acessado 12 Ago 2022].,[],[],
pendente,boletim_epidemiologico_v50_n03_s0163,boletim_epidemiologico_v50_n03,8,Perfil etiológico das meningites bacterianas em crianças.,"[{""texto"": ""meningites bacterianas"", ""tipo"": ""MANIFESTACAO_CLINICA""}, {""texto"": ""crianças"", ""tipo"": ""FAIXA_ETARIA""}]","[{""texto"": ""meningites bacterianas"", ""tipo"": ""MANIFESTACAO_CLINICA""}, {""texto"": ""crianças"", ""tipo"": ""FAIXA_ETARIA""}]",
pendente,sireva_2017_s0051,sireva_2017,22,Número de cepas por grupo etário e sexo.,[],[],
pendente,boletim_epidemiologico_v50_n03_s0106,boletim_epidemiologico_v50_n03,7,O alto percentual de resultados laboratoriais com o campo ignorado ou em branco sugere que o preenchimento ou a atualização desses dados não estão recebendo a devida atenção.,[],[],
pendente,boletim_epidemiologico_nesp_s0311,boletim_epidemiologico_nesp,23,"FiguRa 2  Coeficiente de incidência de doença meningocócica por faixa etária, Brasil, 2003 a 2018","[{""texto"": ""Coeficiente de incidência"", ""tipo"": ""METRICA_EPI""}, {""texto"": ""doença meningocócica"", ""tipo"": ""MANIFESTACAO_CLINICA""}, {""texto"": ""faixa etária"", ""tipo"": ""FAIXA_ETARIA""}, {""texto"": ""Brasil"", ""tipo"": ""LOCAL""}, {""texto"": ""2003 a 2018"", ""tipo"": ""PERIODO_TEMPORAL""}]","[{""texto"": ""Coeficiente de incidência"", ""tipo"": ""METRICA_EPI""}, {""texto"": ""doença meningocócica"", ""tipo"": ""MANIFESTACAO_CLINICA""}, {""texto"": ""faixa etária"", ""tipo"": ""FAIXA_ETARIA""}, {""texto"": ""Brasil"", ""tipo"": ""LOCAL""}, {""texto"": ""2003 a 2018"", ""tipo"": ""PERIODO_TEMPORAL""}]",
pendente,boletim_epidemiologico_n25_s0378,boletim_epidemiologico_n25,31,"Figura 9 Distribuição dos casos confirmados de meningite pneumocócica, segundo critério de confirmação, Brasil, 2007 a 2020","[{""texto"": ""meningite pneumocócica"", ""tipo"": ""MANIFESTACAO_CLINICA""}, {""texto"": ""Brasil"", ""tipo"": ""LOCAL""}, {""texto"": ""2007 a 2020"", ""tipo"": ""PERIODO_TEMPORAL""}]","[{""texto"": ""meningite pneumocócica"", ""tipo"": ""MANIFESTACAO_CLINICA""}, {""texto"": ""Brasil"", ""tipo"": ""LOCAL""}, {""texto"": ""2007 a 2020"", ""tipo"": ""PERIODO_TEMPORAL""}]",
pendente,informe_meningite_ed01_s0085,informe_meningite_ed01,5,◼ meningite por outras bactérias; e,"[{""texto"": ""meningite"", ""tipo"": ""MANIFESTACAO_CLINICA""}]","[{""texto"": ""meningite"", ""tipo"": ""MANIFESTACAO_CLINICA""}]",
pendente,sireva_2013_s0156,sireva_2013,39,Rio Grande do Norte (RN),"[{""texto"": ""Rio Grande do Norte"", ""tipo"": ""LOCAL""}]","[{""texto"": ""Rio Grande do Norte"", ""tipo"": ""LOCAL""}]",
pendente,sireva_2019_s0042,sireva_2019,17,Distribuição dos sorogrupos de cepas por grupo etário e diagnóstico.,[],[],
pendente,boletim_epidemiologico_n25_s0008,boletim_epidemiologico_n25,1,Ministério da Saúde,[],[],
pendente,boletim_epidemiologico_nesp_s0761,boletim_epidemiologico_nesp,53,"Wright WF, Pinto cN, Palisoc K, Baghli S.",[],[],
pendente,boletim_epidemiologico_n25_s0460,boletim_epidemiologico_n25,33,Projeção da População das Unidades da Federação por sexo e grupos de idade: 2000-2030. [Internet].,[],[],
pendente,sireva_2019_s0167,sireva_2019,36,"Hospital das Clínicas da Fac. de Medicina, UNICAMP",[],[],
pendente,boletim_eletronico_ano08_n17_s0002,boletim_eletronico_ano08_n17,1,Doença meningocóciica,"[{""texto"": ""Doença meningocóciica"", ""tipo"": ""MANIFESTACAO_CLINICA""}]","[{""texto"": ""Doença meningocóciica"", ""tipo"": ""MANIFESTACAO_CLINICA""}]",
pendente,boletim_epidemiologico_nesp_s0722,boletim_epidemiologico_nesp,50,"após a introdução no calendário de vacinação da criança do PNi/MS, a vacina PcV10 demonstrou ter alta efetividade, e contribuiu para a redução do número de casos e óbitos de diversas doenças invasivas causadas pelo S. pneumoniae .","[{""texto"": ""número de casos"", ""tipo"": ""METRICA_EPI""}, {""texto"": ""óbitos"", ""tipo"": ""METRICA_EPI""}, {""texto"": ""doenças invasivas"", ""tipo"": ""MANIFESTACAO_CLINICA""}, {""texto"": ""S. pneumoniae"", ""tipo"": ""PATOGENO""}]","[{""texto"": ""número de casos"", ""tipo"": ""METRICA_EPI""}, {""texto"": ""óbitos"", ""tipo"": ""METRICA_EPI""}, {""texto"": ""doenças invasivas"", ""tipo"": ""MANIFESTACAO_CLINICA""}, {""texto"": ""S. pneumoniae"", ""tipo"": ""PATOGENO""}]",
pendente,informe_meningite_ed01_s0111,informe_meningite_ed01,5,"3 Fontes: Sinan e Painel Epidemiológico das Meningites (Disponível em: https:/ /bit.ly/painel-meningites, acesso em 20/9/2024).",[],[],
pendente,boletim_epidemiologico_n25_s0349,boletim_epidemiologico_n25,25,Ignorado/em branco: n=1.,[],[],
pendente,sireva_2023_s0236,sireva_2023,40,Fábia da Silva Pereira Cruz,[],[],
pendente,boletim_epidemiologico_nesp_s0300,boletim_epidemiologico_nesp,22,"Em 2010, devido ao aumento da incidência do sorogrupo c (Figura 1), principalmente em crianças menores de um ano (Figura 2) e pelos repetidos surtos reportados em diferentes regiões do país, a vacina meningocócica C conjugada (MenC) foi incorporada no calendário de","[{""texto"": ""2010"", ""tipo"": ""PERIODO_TEMPORAL""}, {""texto"": ""incidência"", ""tipo"": ""METRICA_EPI""}, {""texto"": ""sorogrupo c"", ""tipo"": ""SOROTIPO""}, {""texto"": ""crianças menores de um ano"", ""tipo"": ""FAIXA_ETARIA""}, {""texto"": ""regiões do país"", ""tipo"": ""LOCAL""}, {""texto"": ""vacina meningocócica C conjugada"", ""tipo"": ""MANIFESTACAO_CLINICA""}]","[{""texto"": ""2010"", ""tipo"": ""PERIODO_TEMPORAL""}, {""texto"": ""incidência"", ""tipo"": ""METRICA_EPI""}, {""texto"": ""sorogrupo c"", ""tipo"": ""SOROTIPO""}, {""texto"": ""crianças menores de um ano"", ""tipo"": ""FAIXA_ETARIA""}, {""texto"": ""regiões do país"", ""tipo"": ""LOCAL""}, {""texto"": ""vacina meningocócica C conjugada"", ""tipo"": ""MANIFESTACAO_CLINICA""}]",
pendente,boletim_epidemiologico_n38_s0079,boletim_epidemiologico_n38,9,"Os eventos tiveram como objetivos (i) apoiar a formação de grupos e profissionais para análise de surtos, (ii) incorporar iniciativas de modelagem de dados às práticas de vigilância em saúde, e (iii) favorecer oportunidades interinstitucionais para futuros projetos colaborativos.",[],[],
pendente,boletim_eletronico_ano08_n17_s0034,boletim_eletronico_ano08_n17,2,O primeiro caso de DM foi notificado em 04/06/08 e o último caso confirmado em 18/08/08.,[],[],
pendente,informe_meningite_ed02_s0180,informe_meningite_ed02,10,Eder Gatti Fernandes.,[],[],
pendente,sireva_2021_s0113,sireva_2021,31,Streptococcus pneumoniae,"[{""texto"": ""Streptococcus pneumoniae"", ""tipo"": ""PATOGENO""}]","[{""texto"": ""Streptococcus pneumoniae"", ""tipo"": ""PATOGENO""}]",
pendente,sireva_2021_s0046,sireva_2021,17,Suscetibilidade de cepas aos diferentes antimicrobianos.,[],[],
pendente,informe_meningite_ed01_s0063,informe_meningite_ed01,4,"Entre os óbitos, observou-se o mesmo padrão de distribuição demográfica (raça/ cor parda: 51 óbitos, 47,2% do total; 40 a 49 anos: 17 óbitos, 15,7% do total; e sexo masculino: 61 óbitos, 56,5% do total).",[],[],
pendente,boletim_eletronico_ano08_n18_s0186,boletim_eletronico_ano08_n18,5,Luiz Cláudio Oliveira da Silva - Gerência Estratégica de Vigilância em Saúde da SES-ES,[],[],
pendente,sireva_2014_s0081,sireva_2014,28,Cepas de quadros de meningites,[],[],
pendente,sireva_2023_s0173,sireva_2023,37,Disco-difusão  BrCAST:,[],[],
pendente,informe_meningite_ed02_s0182,informe_meningite_ed02,10,"Coordenação -Geral de Vigilância das Doenças Imunopreveníveis (CGVDI/ DPNI/SVSA): Elena de Carvalho Cremm Prendergast, Caroline Gava, Camilla de Miranda Ribeiro, Raissa dos Santos Calado Sampaio de Alencar, Laise Carvalho Ribeiro.",[],[],
pendente,sireva_2023_s0032,sireva_2023,4,"Nesse  contexto,  o  IAL monitora as características fenotípicas e moleculares dos isolados de Neisseria meningitidis , Haemophilus influenzae e Streptococcus pneumoniae isoladas de casos  de  doenças  invasivas  nos  estados  brasileiros  através  da  vigilância nacional de base laboratorial.","[{""texto"": ""Neisseria meningitidis"", ""tipo"": ""PATOGENO""}, {""texto"": ""Haemophilus influenzae"", ""tipo"": ""PATOGENO""}, {""texto"": ""Streptococcus pneumoniae"", ""tipo"": ""PATOGENO""}, {""texto"": ""doenças invasivas"", ""tipo"": ""MANIFESTACAO_CLINICA""}, {""texto"": ""estados brasileiros"", ""tipo"": ""LOCAL""}]","[{""texto"": ""Neisseria meningitidis"", ""tipo"": ""PATOGENO""}, {""texto"": ""Haemophilus influenzae"", ""tipo"": ""PATOGENO""}, {""texto"": ""Streptococcus pneumoniae"", ""tipo"": ""PATOGENO""}, {""texto"": ""doenças invasivas"", ""tipo"": ""MANIFESTACAO_CLINICA""}, {""texto"": ""estados brasileiros"", ""tipo"": ""LOCAL""}]",
pendente,sireva_2024_s0254,sireva_2024,40,Juliana Galera Castilho Kawai,[],[],
pendente,sireva_2017_s0115,sireva_2017,38,"CGLAB/SVS, Ministério da Saúde, Brasília","[{""texto"": ""CGLAB/SVS"", ""tipo"": ""LOCAL""}, {""texto"": ""Ministério da Saúde"", ""tipo"": ""LOCAL""}, {""texto"": ""Brasília"", ""tipo"": ""LOCAL""}]","[{""texto"": ""CGLAB/SVS"", ""tipo"": ""LOCAL""}, {""texto"": ""Ministério da Saúde"", ""tipo"": ""LOCAL""}, {""texto"": ""Brasília"", ""tipo"": ""LOCAL""}]",
pendente,sireva_2024_s0009,sireva_2024,4,"Nesse  contexto,  o  IAL monitora as características fenotípicas e moleculares dos isolados de Neisseria meningitidis , Haemophilus influenzae e Streptococcus pneumoniae isolados de casos  de  doenças  invasivas  nos  estados  brasileiros  através  da  vigilância nacional de base laboratorial.","[{""texto"": ""Neisseria meningitidis"", ""tipo"": ""PATOGENO""}, {""texto"": ""Haemophilus influenzae"", ""tipo"": ""PATOGENO""}, {""texto"": ""Streptococcus pneumoniae"", ""tipo"": ""PATOGENO""}, {""texto"": ""doenças invasivas"", ""tipo"": ""MANIFESTACAO_CLINICA""}, {""texto"": ""estados brasileiros"", ""tipo"": ""LOCAL""}]","[{""texto"": ""Neisseria meningitidis"", ""tipo"": ""PATOGENO""}, {""texto"": ""Haemophilus influenzae"", ""tipo"": ""PATOGENO""}, {""texto"": ""Streptococcus pneumoniae"", ""tipo"": ""PATOGENO""}, {""texto"": ""doenças invasivas"", ""tipo"": ""MANIFESTACAO_CLINICA""}, {""texto"": ""estados brasileiros"", ""tipo"": ""LOCAL""}]",
pendente,sireva_2014_s0187,sireva_2014,39,"Salete Porto, André Martins",[],[],
pendente,sireva_2014_s0102,sireva_2014,33,"Suscetibilidade a penicilina em ≥ 5 anos, por sorotipo e diagnóstico.","[{""texto"": ""≥ 5 anos"", ""tipo"": ""FAIXA_ETARIA""}, {""texto"": ""sorotipo"", ""tipo"": ""SOROTIPO""}, {""texto"": ""diagnóstico"", ""tipo"": ""METODO_LAB""}]","[{""texto"": ""≥ 5 anos"", ""tipo"": ""FAIXA_ETARIA""}, {""texto"": ""sorotipo"", ""tipo"": ""SOROTIPO""}, {""texto"": ""diagnóstico"", ""tipo"": ""METODO_LAB""}]",
pendente,boletim_epidemiologico_n38_s0158,boletim_epidemiologico_n38,15,Distrito Federal,"[{""texto"": ""Distrito Federal"", ""tipo"": ""LOCAL""}]","[{""texto"": ""Distrito Federal"", ""tipo"": ""LOCAL""}]",
pendente,boletim_epidemiologico_nesp_s0783,boletim_epidemiologico_nesp,54,"FiguRa 1   Coeficiente de incidência de meningite por Haemophilus influenzae e cobertura vacinal* em menores de 1 ano, Brasil, 1999- 2018","[{""texto"": ""Coeficiente de incidência"", ""tipo"": ""METRICA_EPI""}, {""texto"": ""meningite"", ""tipo"": ""MANIFESTACAO_CLINICA""}, {""texto"": ""Haemophilus influenzae"", ""tipo"": ""PATOGENO""}, {""texto"": ""cobertura vacinal"", ""tipo"": ""METRICA_EPI""}, {""texto"": ""menores de 1 ano"", ""tipo"": ""FAIXA_ETARIA""}, {""texto"": ""Brasil"", ""tipo"": ""LOCAL""}, {""texto"": ""1999-2018"", ""tipo"": ""PERIODO_TEMPORAL""}]","[{""texto"": ""Coeficiente de incidência"", ""tipo"": ""METRICA_EPI""}, {""texto"": ""meningite"", ""tipo"": ""MANIFESTACAO_CLINICA""}, {""texto"": ""Haemophilus influenzae"", ""tipo"": ""PATOGENO""}, {""texto"": ""cobertura vacinal"", ""tipo"": ""METRICA_EPI""}, {""texto"": ""menores de 1 ano"", ""tipo"": ""FAIXA_ETARIA""}, {""texto"": ""Brasil"", ""tipo"": ""LOCAL""}, {""texto"": ""1999-2018"", ""tipo"": ""PERIODO_TEMPORAL""}]",
pendente,boletim_epidemiologico_n38_s0057,boletim_epidemiologico_n38,7,"FIGURA 8 Primatas não humanos (PNH) suspeitos de FA, por semana epidemiológica de ocorrência e classificação, julho de 2022 a junho de 2023 (SE 41)",[],[],
pendente,boletim_eletronico_ano08_n17_s0073,boletim_eletronico_ano08_n17,3,Sistema de Alerta e Resposta Apropriada.,[],[],
pendente,sireva_2015_s0006,sireva_2015,2,Neisseria meningitidis,"[{""texto"": ""Neisseria meningitidis"", ""tipo"": ""PATOGENO""}]","[{""texto"": ""Neisseria meningitidis"", ""tipo"": ""PATOGENO""}]",
pendente,sireva_2023_s0316,sireva_2023,41,Centro de Lab Regional - Instituto Adolfo Lutz de S.J.R. Preto,"[{""texto"": ""Centro de Lab Regional - Instituto Adolfo Lutz de S.J.R. Preto"", ""tipo"": ""LOCAL""}]","[{""texto"": ""Centro de Lab Regional - Instituto Adolfo Lutz de S.J.R. Preto"", ""tipo"": ""LOCAL""}]",
pendente,sireva_2016_s0109,sireva_2016,37,Critério: CLSI 2016,[],[],
pendente,boletim_epidemiologico_n25_s0017,boletim_epidemiologico_n25,1,"Até a SE 25 ocorreram 408.523 casos prováveis (taxa de incidência de 192,9 casos por 100 mil hab.) de dengue no Brasil.","[{""texto"": ""taxa de incidência"", ""tipo"": ""METRICA_EPI""}, {""texto"": ""dengue"", ""tipo"": ""MANIFESTACAO_CLINICA""}, {""texto"": ""Brasil"", ""tipo"": ""LOCAL""}]","[{""texto"": ""taxa de incidência"", ""tipo"": ""METRICA_EPI""}, {""texto"": ""dengue"", ""tipo"": ""MANIFESTACAO_CLINICA""}, {""texto"": ""Brasil"", ""tipo"": ""LOCAL""}]",
pendente,informe_meningite_ed02_s0046,informe_meningite_ed02,4,"Desde 1 º/ 1/2010 a 30/6/2025 foram notificados 377.922 casos suspeitos de meningite no Brasil, dos quais 246.280 foram confirmados (65,2%), com média de 15.293 casos confirmados por ano.","[{""texto"": ""meningite"", ""tipo"": ""MANIFESTACAO_CLINICA""}, {""texto"": ""Brasil"", ""tipo"": ""LOCAL""}, {""texto"": ""1 º/ 1/2010 a 30/6/2025"", ""tipo"": ""PERIODO_TEMPORAL""}]","[{""texto"": ""meningite"", ""tipo"": ""MANIFESTACAO_CLINICA""}, {""texto"": ""Brasil"", ""tipo"": ""LOCAL""}, {""texto"": ""1 º/ 1/2010 a 30/6/2025"", ""tipo"": ""PERIODO_TEMPORAL""}]",
pendente,sireva_2014_s0158,sireva_2014,39,"SIREVA II, Brasil 2014","[{""texto"": ""Brasil"", ""tipo"": ""LOCAL""}, {""texto"": ""2014"", ""tipo"": ""PERIODO_TEMPORAL""}]","[{""texto"": ""Brasil"", ""tipo"": ""LOCAL""}, {""texto"": ""2014"", ""tipo"": ""PERIODO_TEMPORAL""}]",
pendente,boletim_epidemiologico_n38_s0105,boletim_epidemiologico_n38,11,"*Coordenação-Geral de Vigilância de Arboviroses (Cgarb/Deidt/SVS) : Alessandro Pecego Martins Romano, Anne Aline Pereira de Paiva, Camila Ribeiro Silva, Cassio Roberto Leonel Peterka, Daniel Garkauskas Ramos, Daniel Ferreira de Lima Neto, Danielle Bandeira Costa de Sousa Freire, Eduardo Lana, Gilberto Gilmar Moresco, Karina Ribeiro Leite Jardim Cavalcante, Pablo Secato Fontoura, Pedro Henrique de Oliveira Passos, Poliana da Silva Lemos, Sulamita Brandão Barbiratto, Thiago Ferreira Guedes.",[],[],
pendente,sireva_2020_s0059,sireva_2020,21,Streptococcus pneumoniae,"[{""texto"": ""Streptococcus pneumoniae"", ""tipo"": ""PATOGENO""}]","[{""texto"": ""Streptococcus pneumoniae"", ""tipo"": ""PATOGENO""}]",
pendente,sireva_2018_s0133,sireva_2018,38,"Angela Maria Veras Stolp, Karene Ferreira Cavalcante",[],[],
pendente,boletim_epidemiologico_nesp_s0860,boletim_epidemiologico_nesp,60,Nature [internet].,[],[],
pendente,boletim_eletronico_ano08_n17_s0051,boletim_eletronico_ano08_n17,2,"Das doze amostras de LCR enviadas ao Instituto Adolfo Lutz (IAL/SP) para realização da RT-PCR, sete (58%) foram positivas para N. meningitidis sorogrupo C.","[{""texto"": ""N. meningitidis"", ""tipo"": ""PATOGENO""}, {""texto"": ""sorogrupo C"", ""tipo"": ""SOROTIPO""}, {""texto"": ""Instituto Adolfo Lutz"", ""tipo"": ""LOCAL""}, {""texto"": ""IAL/SP"", ""tipo"": ""LOCAL""}, {""texto"": ""RT-PCR"", ""tipo"": ""METODO_LAB""}]","[{""texto"": ""N. meningitidis"", ""tipo"": ""PATOGENO""}, {""texto"": ""sorogrupo C"", ""tipo"": ""SOROTIPO""}, {""texto"": ""Instituto Adolfo Lutz"", ""tipo"": ""LOCAL""}, {""texto"": ""IAL/SP"", ""tipo"": ""LOCAL""}, {""texto"": ""RT-PCR"", ""tipo"": ""METODO_LAB""}]",
pendente,boletim_epidemiologico_nesp_s0486,boletim_epidemiologico_nesp,33,Programa Mundial para Eliminação da Filariose linfática.,[],[],
pendente,sireva_2022_s0232,sireva_2022,36,"São José dos Campos, SP","[{""texto"": ""São José dos Campos"", ""tipo"": ""LOCAL""}, {""texto"": ""SP"", ""tipo"": ""LOCAL""}]","[{""texto"": ""São José dos Campos"", ""tipo"": ""LOCAL""}, {""texto"": ""SP"", ""tipo"": ""LOCAL""}]",
pendente,sireva_2015_s0098,sireva_2015,32,"Critério: CLSI, 2015",[],[],
pendente,sireva_2015_s0136,sireva_2015,40,Vigilância das Doenças de Transmissão Respiratória e,[],[],
pendente,boletim_epidemiologico_n25_s0227,boletim_epidemiologico_n25,19,Outras informações sobre estratégias de vacinação,[],[],
pendente,sireva_2024_s0331,sireva_2024,41,Hospital do Servidor Público Estadual,[],[],
pendente,sireva_2018_s0192,sireva_2018,39,Laboratório Central da Pref.,[],[],
pendente,sireva_2021_s0122,sireva_2021,33,Instituições participantes,[],[],
pendente,sireva_2024_s0248,sireva_2024,39,"Infecções Pneumocócicas,","[{""texto"": ""Infecções Pneumocócicas"", ""tipo"": ""MANIFESTACAO_CLINICA""}]","[{""texto"": ""Infecções Pneumocócicas"", ""tipo"": ""MANIFESTACAO_CLINICA""}]",
pendente,sireva_2021_s0220,sireva_2021,35,Andre Luis Monteiro Araujo,[],[],
pendente,boletim_eletronico_ano08_n18_s0139,boletim_eletronico_ano08_n18,4,Tropical Medicine and International Health; 2003; 8(5):423-426.,[],[],
pendente,sireva_2020_s0138,sireva_2020,32,"Robmary Matias de Almeida, Lilian Silveira Caetano",[],[],
pendente,informe_meningite_ed01_s0023,informe_meningite_ed01,2,Meningite por hemófilo,"[{""texto"": ""Meningite"", ""tipo"": ""MANIFESTACAO_CLINICA""}, {""texto"": ""hemófilo"", ""tipo"": ""PATOGENO""}]","[{""texto"": ""Meningite"", ""tipo"": ""MANIFESTACAO_CLINICA""}, {""texto"": ""hemófilo"", ""tipo"": ""PATOGENO""}]",
pendente,sireva_2016_s0252,sireva_2016,42,Hospital Geral de Pedreira,"[{""texto"": ""Hospital Geral de Pedreira"", ""tipo"": ""LOCAL""}]","[{""texto"": ""Hospital Geral de Pedreira"", ""tipo"": ""LOCAL""}]",
pendente,sireva_2016_s0191,sireva_2016,41,Departamento de Saúde Coletiva da Univ.,[],[],
pendente,sireva_2016_s0012,sireva_2016,5,Haemophilus influenzae,"[{""texto"": ""Haemophilus influenzae"", ""tipo"": ""PATOGENO""}]","[{""texto"": ""Haemophilus influenzae"", ""tipo"": ""PATOGENO""}]",
pendente,informe_meningite_ed01_s0071,informe_meningite_ed01,4,"A partir de 2020, os dados de meningites do Espírito Santo estão dispostos no sistema próprio do estado, não sendo apresentados neste informe.","[{""texto"": ""2020"", ""tipo"": ""PERIODO_TEMPORAL""}, {""texto"": ""meningites"", ""tipo"": ""MANIFESTACAO_CLINICA""}, {""texto"": ""Espírito Santo"", ""tipo"": ""LOCAL""}]","[{""texto"": ""2020"", ""tipo"": ""PERIODO_TEMPORAL""}, {""texto"": ""meningites"", ""tipo"": ""MANIFESTACAO_CLINICA""}, {""texto"": ""Espírito Santo"", ""tipo"": ""LOCAL""}]",
pendente,sireva_2020_s0137,sireva_2020,32,"Elizabeth Boina Tristão, Lilian Lavagnoli",[],[],
pendente,boletim_eletronico_ano08_n18_s0031,boletim_eletronico_ano08_n18,2,"A ausência de lesão focal nos exames de tomografia computadorizada ou ressonância magnética distingue a meningite por A. cantonensis de outras infecções do SNC por helmintos, como por exemplo: Gnathostoma spinigerum , Baylisascaris procyonis , Neurocisticercose, Paragonimiase Cerebral, Neurotrichinosis, Toxocaríase Cerebral, Esquistossomose Cerebral, Coccidiose immitis . 1","[{""texto"": ""meningite"", ""tipo"": ""MANIFESTACAO_CLINICA""}, {""texto"": ""A. cantonensis"", ""tipo"": ""PATOGENO""}, {""texto"": ""Gnathostoma spinigerum"", ""tipo"": ""PATOGENO""}, {""texto"": ""Baylisascaris procyonis"", ""tipo"": ""PATOGENO""}, {""texto"": ""Neurocisticercose"", ""tipo"": ""MANIFESTACAO_CLINICA""}, {""texto"": ""Paragonimiase Cerebral"", ""tipo"": ""MANIFESTACAO_CLINICA""}, {""texto"": ""Neurotrichinosis"", ""tipo"": ""MANIFESTACAO_CLINICA""}, {""texto"": ""Toxocaríase Cerebral"", ""tipo"": ""MANIFESTACAO_CLINICA""}, {""texto"": ""Esquistossomose Cerebral"", ""tipo"": ""MANIFESTACAO_CLINICA""}, {""texto"": ""Coccidiose immitis"", ""tipo"": ""PATOGENO""}]","[{""texto"": ""meningite"", ""tipo"": ""MANIFESTACAO_CLINICA""}, {""texto"": ""A. cantonensis"", ""tipo"": ""PATOGENO""}, {""texto"": ""Gnathostoma spinigerum"", ""tipo"": ""PATOGENO""}, {""texto"": ""Baylisascaris procyonis"", ""tipo"": ""PATOGENO""}, {""texto"": ""Neurocisticercose"", ""tipo"": ""MANIFESTACAO_CLINICA""}, {""texto"": ""Paragonimiase Cerebral"", ""tipo"": ""MANIFESTACAO_CLINICA""}, {""texto"": ""Neurotrichinosis"", ""tipo"": ""MANIFESTACAO_CLINICA""}, {""texto"": ""Toxocaríase Cerebral"", ""tipo"": ""MANIFESTACAO_CLINICA""}, {""texto"": ""Esquistossomose Cerebral"", ""tipo"": ""MANIFESTACAO_CLINICA""}, {""texto"": ""Coccidiose immitis"", ""tipo"": ""PATOGENO""}]",
pendente,sireva_2018_s0094,sireva_2018,32,Suscetibilidade a penicilina,[],[],
pendente,sireva_2016_s0078,sireva_2016,30,Critério: CLSI 2016,[],[],
pendente,boletim_epidemiologico_n38_s0129,boletim_epidemiologico_n38,13,Os softwares utilizados no processamento e análise dos dados supracitados foram o Excel® 2013 e o TabWin415.,[],[],
pendente,boletim_epidemiologico_n25_s0330,boletim_epidemiologico_n25,24,Rio Grande do Norte,"[{""texto"": ""Rio Grande do Norte"", ""tipo"": ""LOCAL""}]","[{""texto"": ""Rio Grande do Norte"", ""tipo"": ""LOCAL""}]",
pendente,sireva_2017_s0121,sireva_2017,38,Participantes dos Laboratórios de Saúde Pública dos Estados em 2017,"[{""texto"": ""2017"", ""tipo"": ""PERIODO_TEMPORAL""}]","[{""texto"": ""2017"", ""tipo"": ""PERIODO_TEMPORAL""}]",
pendente,sireva_2022_s0245,sireva_2022,36,Hospital Universitário da USP,[],[],
pendente,sireva_2021_s0123,sireva_2021,33,"Diretor Geral do Instituto Adolfo Lutz, CCD, SES, São Paulo","[{""texto"": ""Instituto Adolfo Lutz"", ""tipo"": ""LOCAL""}, {""texto"": ""São Paulo"", ""tipo"": ""LOCAL""}]","[{""texto"": ""Instituto Adolfo Lutz"", ""tipo"": ""LOCAL""}, {""texto"": ""São Paulo"", ""tipo"": ""LOCAL""}]",
pendente,boletim_epidemiologico_v50_n03_s0082,boletim_epidemiologico_v50_n03,5,"Como critério de confirmação diagnóstica dos casos, o exame quimiocitológico do LCR foi a técnica mais utilizada para encerramento dos casos (81,3%), seguido da bacterioscopia do LCR (10,5%) e do diagnóstico clínico (7,1%).",[],[],
pendente,sireva_2015_s0059,sireva_2015,24,Streptococcus pneumoniae,"[{""texto"": ""Streptococcus pneumoniae"", ""tipo"": ""PATOGENO""}]","[{""texto"": ""Streptococcus pneumoniae"", ""tipo"": ""PATOGENO""}]",
pendente,sireva_2018_s0057,sireva_2018,23,Streptococcus pneumoniae,"[{""texto"": ""Streptococcus pneumoniae"", ""tipo"": ""PATOGENO""}]","[{""texto"": ""Streptococcus pneumoniae"", ""tipo"": ""PATOGENO""}]",
pendente,boletim_epidemiologico_n38_s0240,boletim_epidemiologico_n38,22,"11  No período analisado neste boletim, o sorogrupo C apresentou elevados coeficientes de incidência, exceto em 2021, quando foi observada tendência de aumento para o sorogrupo B.","[{""texto"": ""sorogrupo C"", ""tipo"": ""SOROTIPO""}, {""texto"": ""coeficientes de incidência"", ""tipo"": ""METRICA_EPI""}, {""texto"": ""2021"", ""tipo"": ""PERIODO_TEMPORAL""}, {""texto"": ""sorogrupo B"", ""tipo"": ""SOROTIPO""}]","[{""texto"": ""sorogrupo C"", ""tipo"": ""SOROTIPO""}, {""texto"": ""coeficientes de incidência"", ""tipo"": ""METRICA_EPI""}, {""texto"": ""2021"", ""tipo"": ""PERIODO_TEMPORAL""}, {""texto"": ""sorogrupo B"", ""tipo"": ""SOROTIPO""}]",
pendente,boletim_eletronico_ano10_n03_s0007,boletim_eletronico_ano10_n03,1,"SURTO DE DOENÇA MENINGOCÓCICA NO MUNICÍPIO DE ITAGUAÍ-RJ, 2009","[{""texto"": ""SURTO DE DOENÇA MENINGOCÓCICA"", ""tipo"": ""MANIFESTACAO_CLINICA""}, {""texto"": ""MUNICÍPIO DE ITAGUAÍ-RJ"", ""tipo"": ""LOCAL""}, {""texto"": ""2009"", ""tipo"": ""PERIODO_TEMPORAL""}]","[{""texto"": ""SURTO DE DOENÇA MENINGOCÓCICA"", ""tipo"": ""MANIFESTACAO_CLINICA""}, {""texto"": ""MUNICÍPIO DE ITAGUAÍ-RJ"", ""tipo"": ""LOCAL""}, {""texto"": ""2009"", ""tipo"": ""PERIODO_TEMPORAL""}]",
pendente,sireva_2022_s0065,sireva_2022,23,*Identificação do isolado de Streptococcus pneumoniae pela PCR tempo real para o gene lyt A e sorotipagem realizada através da metodologia da PCR convencional e/ou tempo real porém sem possibilidade técnica de identificação do sorotipo.,"[{""texto"": ""Streptococcus pneumoniae"", ""tipo"": ""PATOGENO""}, {""texto"": ""PCR tempo real"", ""tipo"": ""METODO_LAB""}, {""texto"": ""sorotipagem"", ""tipo"": ""METODO_LAB""}, {""texto"": ""PCR convencional"", ""tipo"": ""METODO_LAB""}, {""texto"": ""tempo real"", ""tipo"": ""METODO_LAB""}]","[{""texto"": ""Streptococcus pneumoniae"", ""tipo"": ""PATOGENO""}, {""texto"": ""PCR tempo real"", ""tipo"": ""METODO_LAB""}, {""texto"": ""sorotipagem"", ""tipo"": ""METODO_LAB""}, {""texto"": ""PCR convencional"", ""tipo"": ""METODO_LAB""}, {""texto"": ""tempo real"", ""tipo"": ""METODO_LAB""}]",
pendente,boletim_epidemiologico_nesp_s0110,boletim_epidemiologico_nesp,8,"Excepcionalmente em 2018 e 2019, os casos estão concentrados no estado do Rio de Janeiro, com coeficiente de incidência de 239 e 152,3 casos por 100 mil habitantes, respectivamente, sendo o primeiro local com transmissão importante fora da região Nordeste (Figura 2).","[{""texto"": ""2018 e 2019"", ""tipo"": ""PERIODO_TEMPORAL""}, {""texto"": ""estado do Rio de Janeiro"", ""tipo"": ""LOCAL""}, {""texto"": ""coeficiente de incidência"", ""tipo"": ""METRICA_EPI""}, {""texto"": ""região Nordeste"", ""tipo"": ""LOCAL""}]","[{""texto"": ""2018 e 2019"", ""tipo"": ""PERIODO_TEMPORAL""}, {""texto"": ""estado do Rio de Janeiro"", ""tipo"": ""LOCAL""}, {""texto"": ""coeficiente de incidência"", ""tipo"": ""METRICA_EPI""}, {""texto"": ""região Nordeste"", ""tipo"": ""LOCAL""}]",
pendente,sireva_2022_s0131,sireva_2022,33,Participantes dos Laboratórios de Saúde Pública (LACENs) dos Estados em 2022,"[{""texto"": ""LACENs"", ""tipo"": ""LOCAL""}, {""texto"": ""Estados"", ""tipo"": ""LOCAL""}, {""texto"": ""2022"", ""tipo"": ""PERIODO_TEMPORAL""}]","[{""texto"": ""LACENs"", ""tipo"": ""LOCAL""}, {""texto"": ""Estados"", ""tipo"": ""LOCAL""}, {""texto"": ""2022"", ""tipo"": ""PERIODO_TEMPORAL""}]",
pendente,sireva_2022_s0001,sireva_2022,1,SECRETARIA DE ESTADO DA SAÚDE COORDENADORIA DE CONTROLE DE DOENÇAS INSTITUTO ADOLFO LUTZ,[],[],
pendente,boletim_eletronico_ano08_n18_s0037,boletim_eletronico_ano08_n18,2,"Eram residiam no município de Cariacica, que se localiza a 15 km da capital Vitória (Figura 3).","[{""texto"": ""município de Cariacica"", ""tipo"": ""LOCAL""}, {""texto"": ""Vitória"", ""tipo"": ""LOCAL""}]","[{""texto"": ""município de Cariacica"", ""tipo"": ""LOCAL""}, {""texto"": ""Vitória"", ""tipo"": ""LOCAL""}]",
pendente,sireva_2017_s0094,sireva_2017,33,Suscetível (µg/ml),[],[],
pendente,informe_meningite_ed02_s0175,informe_meningite_ed02,10,Coordenação -Geral de Vigilância das Doenças Imunopreveníveis.,[],[],
pendente,sireva_2013_s0010,sireva_2013,3,"Nesse  contexto,  o  IAL monitora as características fenotípicas e moleculares das cepas de Neisseria meningitidis , Haemophilus influenzae e Streptococcus pneumoniae isoladas de casos  de  doenças  invasivas  nos  estados  brasileiros  através  da  vigilância nacional de base laboratorial.","[{""texto"": ""Neisseria meningitidis"", ""tipo"": ""PATOGENO""}, {""texto"": ""Haemophilus influenzae"", ""tipo"": ""PATOGENO""}, {""texto"": ""Streptococcus pneumoniae"", ""tipo"": ""PATOGENO""}, {""texto"": ""doenças invasivas"", ""tipo"": ""MANIFESTACAO_CLINICA""}, {""texto"": ""estados brasileiros"", ""tipo"": ""LOCAL""}]","[{""texto"": ""Neisseria meningitidis"", ""tipo"": ""PATOGENO""}, {""texto"": ""Haemophilus influenzae"", ""tipo"": ""PATOGENO""}, {""texto"": ""Streptococcus pneumoniae"", ""tipo"": ""PATOGENO""}, {""texto"": ""doenças invasivas"", ""tipo"": ""MANIFESTACAO_CLINICA""}, {""texto"": ""estados brasileiros"", ""tipo"": ""LOCAL""}]",
pendente,sireva_2021_s0006,sireva_2021,3,"As  cepas  bacterianas  são  encaminhadas  ao  IAL-central,  localizado  na cidade  de  São  Paulo,  pela  rede  de  Laboratórios  Centrais  de  Saúde  Pública (LACENs) localizados um em cada estado do Brasil, e coordenada CGLAB e CGDT, Secretaria de Vigilância em Saúde do Ministério da Saúde (SVS, MS).","[{""texto"": ""IAL-central"", ""tipo"": ""LOCAL""}, {""texto"": ""São Paulo"", ""tipo"": ""LOCAL""}, {""texto"": ""Brasil"", ""tipo"": ""LOCAL""}, {""texto"": ""CGLAB"", ""tipo"": ""LOCAL""}, {""texto"": ""CGDT"", ""tipo"": ""LOCAL""}, {""texto"": ""Secretaria de Vigilância em Saúde do Ministério da Saúde"", ""tipo"": ""LOCAL""}, {""texto"": ""SVS"", ""tipo"": ""LOCAL""}, {""texto"": ""MS"", ""tipo"": ""LOCAL""}]","[{""texto"": ""IAL-central"", ""tipo"": ""LOCAL""}, {""texto"": ""São Paulo"", ""tipo"": ""LOCAL""}, {""texto"": ""Brasil"", ""tipo"": ""LOCAL""}, {""texto"": ""CGLAB"", ""tipo"": ""LOCAL""}, {""texto"": ""CGDT"", ""tipo"": ""LOCAL""}, {""texto"": ""Secretaria de Vigilância em Saúde do Ministério da Saúde"", ""tipo"": ""LOCAL""}, {""texto"": ""SVS"", ""tipo"": ""LOCAL""}, {""texto"": ""MS"", ""tipo"": ""LOCAL""}]",
pendente,boletim_eletronico_ano08_n18_s0069,boletim_eletronico_ano08_n18,3,"Investigação laboratorial : soros dos pacientes foram encaminhados para o Laboratório de Parasitologia Molecular da Pontifícia Universidade Católica do Rio Grande do Sul (PUC/RS) para detecção de anticorpos IgG para Angiostrongylus sp e detecção de anticorpos IgG para Toxocara s . para diagnóstico diferencial no Laboratório de Parasitologia do Instituto Adolfo Lutz (IAL/SP), ambos pelo método de ELISA.","[{""texto"": ""Laboratório de Parasitologia Molecular da Pontifícia Universidade Católica do Rio Grande do Sul (PUC/RS)"", ""tipo"": ""LOCAL""}, {""texto"": ""Angiostrongylus sp"", ""tipo"": ""PATOGENO""}, {""texto"": ""Toxocara s"", ""tipo"": ""PATOGENO""}, {""texto"": ""diagnóstico diferencial"", ""tipo"": ""METRICA_EPI""}, {""texto"": ""Laboratório de Parasitologia do Instituto Adolfo Lutz (IAL/SP)"", ""tipo"": ""LOCAL""}, {""texto"": ""método de ELISA"", ""tipo"": ""METODO_LAB""}]","[{""texto"": ""Laboratório de Parasitologia Molecular da Pontifícia Universidade Católica do Rio Grande do Sul (PUC/RS)"", ""tipo"": ""LOCAL""}, {""texto"": ""Angiostrongylus sp"", ""tipo"": ""PATOGENO""}, {""texto"": ""Toxocara s"", ""tipo"": ""PATOGENO""}, {""texto"": ""diagnóstico diferencial"", ""tipo"": ""METRICA_EPI""}, {""texto"": ""Laboratório de Parasitologia do Instituto Adolfo Lutz (IAL/SP)"", ""tipo"": ""LOCAL""}, {""texto"": ""método de ELISA"", ""tipo"": ""METODO_LAB""}]",
pendente,sireva_2014_s0059,sireva_2014,23,Streptococcus pneumoniae,"[{""texto"": ""Streptococcus pneumoniae"", ""tipo"": ""PATOGENO""}]","[{""texto"": ""Streptococcus pneumoniae"", ""tipo"": ""PATOGENO""}]",
pendente,sireva_2016_s0266,sireva_2016,43,"São Paulo, Brasil","[{""texto"": ""São Paulo"", ""tipo"": ""LOCAL""}, {""texto"": ""Brasil"", ""tipo"": ""LOCAL""}]","[{""texto"": ""São Paulo"", ""tipo"": ""LOCAL""}, {""texto"": ""Brasil"", ""tipo"": ""LOCAL""}]",
pendente,boletim_epidemiologico_v47_n29_s0134,boletim_epidemiologico_v47_n29,8,Meningococcal disease. N Engl J Med.,[],[],
pendente,sireva_2018_s0238,sireva_2018,41,"São Paulo, Brasil","[{""texto"": ""São Paulo"", ""tipo"": ""LOCAL""}, {""texto"": ""Brasil"", ""tipo"": ""LOCAL""}]","[{""texto"": ""São Paulo"", ""tipo"": ""LOCAL""}, {""texto"": ""Brasil"", ""tipo"": ""LOCAL""}]",
pendente,sireva_2019_s0079,sireva_2019,28,"Suscetibilidade a penicilina em <5 anos, por sorotipo e diagnóstico.","[{""texto"": ""<5 anos"", ""tipo"": ""FAIXA_ETARIA""}]","[{""texto"": ""<5 anos"", ""tipo"": ""FAIXA_ETARIA""}]",
pendente,boletim_epidemiologico_nesp_s0111,boletim_epidemiologico_nesp,8,"FiguRa 1   Coeficiente de incidência e óbitos por chikungunya, Brasil, 2015 a 2019 1","[{""texto"": ""coeficiente de incidência"", ""tipo"": ""METRICA_EPI""}, {""texto"": ""óbitos"", ""tipo"": ""METRICA_EPI""}, {""texto"": ""chikungunya"", ""tipo"": ""PATOGENO""}, {""texto"": ""Brasil"", ""tipo"": ""LOCAL""}, {""texto"": ""2015 a 2019"", ""tipo"": ""PERIODO_TEMPORAL""}]","[{""texto"": ""coeficiente de incidência"", ""tipo"": ""METRICA_EPI""}, {""texto"": ""óbitos"", ""tipo"": ""METRICA_EPI""}, {""texto"": ""chikungunya"", ""tipo"": ""PATOGENO""}, {""texto"": ""Brasil"", ""tipo"": ""LOCAL""}, {""texto"": ""2015 a 2019"", ""tipo"": ""PERIODO_TEMPORAL""}]",
pendente,boletim_epidemiologico_v47_n29_s0106,boletim_epidemiologico_v47_n29,5,"A distribuição de frequência dos casos registrados denota um comportamento sazonal clássico para a DM no território brasileiro, conforme descrito na literatura, com maior incidência nos períodos de outono e inverno. 2,6","[{""texto"": ""incidência"", ""tipo"": ""METRICA_EPI""}, {""texto"": ""DM"", ""tipo"": ""MANIFESTACAO_CLINICA""}, {""texto"": ""território brasileiro"", ""tipo"": ""LOCAL""}, {""texto"": ""outono"", ""tipo"": ""PERIODO_TEMPORAL""}, {""texto"": ""inverno"", ""tipo"": ""PERIODO_TEMPORAL""}]","[{""texto"": ""incidência"", ""tipo"": ""METRICA_EPI""}, {""texto"": ""DM"", ""tipo"": ""MANIFESTACAO_CLINICA""}, {""texto"": ""território brasileiro"", ""tipo"": ""LOCAL""}, {""texto"": ""outono"", ""tipo"": ""PERIODO_TEMPORAL""}, {""texto"": ""inverno"", ""tipo"": ""PERIODO_TEMPORAL""}]",
pendente,sireva_2023_s0282,sireva_2023,41,Eliane Picoli Alves Bensi,[],[],
pendente,sireva_2018_s0143,sireva_2018,38,"Christian de Alencar Siebra, Guilherme Nardi Becker",[],[],
pendente,boletim_eletronico_ano08_n18_s0011,boletim_eletronico_ano08_n18,1,Figura 1 - Fêmea e macho adulto de Angiostrongylus cantonensis,[],[],
pendente,boletim_epidemiologico_n25_s0127,boletim_epidemiologico_n25,12,"Figura 1 Distribuição dos casos confirmados de sarampo, por mês e ano do início do exantema, Brasil, 2018 a 2021","[{""texto"": ""Brasil"", ""tipo"": ""LOCAL""}, {""texto"": ""2018 a 2021"", ""tipo"": ""PERIODO_TEMPORAL""}]","[{""texto"": ""Brasil"", ""tipo"": ""LOCAL""}, {""texto"": ""2018 a 2021"", ""tipo"": ""PERIODO_TEMPORAL""}]",
pendente,boletim_epidemiologico_nesp_s0643,boletim_epidemiologico_nesp,44,"Ministério da Saúde (Br). leishmaniose visceral: o que é, causas, sintomas, tratamento, diagnóstico e prevenção [Internet].",[],[],
pendente,sireva_2015_s0019,sireva_2015,6,Número de cepas por grupo etário e fonte de isolamento.,[],[],
pendente,sireva_2019_s0129,sireva_2019,35,Espírito Santo (ES),"[{""texto"": ""Espírito Santo"", ""tipo"": ""LOCAL""}]","[{""texto"": ""Espírito Santo"", ""tipo"": ""LOCAL""}]",
pendente,sireva_2015_s0213,sireva_2015,42,Hospital Geral do Grajaú,"[{""texto"": ""Hospital Geral do Grajaú"", ""tipo"": ""LOCAL""}]","[{""texto"": ""Hospital Geral do Grajaú"", ""tipo"": ""LOCAL""}]",
pendente,boletim_epidemiologico_v50_n03_s0012,boletim_epidemiologico_v50_n03,1,"No Brasil, a meningite é uma doença de notificação compulsória imediata, realizada em até 24 horas para as vigilâncias municipais e estaduais, sendo responsabilidade dos serviços de saúde, públicos ou privados, e profissionais de saúde, notificarem todo caso suspeito.","[{""texto"": ""Brasil"", ""tipo"": ""LOCAL""}, {""texto"": ""meningite"", ""tipo"": ""MANIFESTACAO_CLINICA""}]","[{""texto"": ""Brasil"", ""tipo"": ""LOCAL""}, {""texto"": ""meningite"", ""tipo"": ""MANIFESTACAO_CLINICA""}]",
pendente,sireva_2023_s0364,sireva_2023,42,Elayne Tavares de Oliveira,[],[],
pendente,boletim_epidemiologico_n38_s0209,boletim_epidemiologico_n38,21,Cobertura vacinal (%),"[{""texto"": ""cobertura vacinal"", ""tipo"": ""METRICA_EPI""}]","[{""texto"": ""cobertura vacinal"", ""tipo"": ""METRICA_EPI""}]",
pendente,sireva_2022_s0291,sireva_2022,37,"Responsáveis, Pesquisadores Científicos do NMPI:",[],[],
pendente,sireva_2024_s0264,sireva_2024,40,Hospital Estadual de Sumaré,"[{""texto"": ""Hospital Estadual de Sumaré"", ""tipo"": ""LOCAL""}]","[{""texto"": ""Hospital Estadual de Sumaré"", ""tipo"": ""LOCAL""}]",
pendente,informe_meningite_ed01_s0055,informe_meningite_ed01,4,"◼ Dos 3.200 casos confirmados de meningite bacteriana em 2024, 874 (27,3%) foram classificados como meningite pneumocócica, 757 (23,7%) como meningite por outras bactérias, 742 (23,2%) como meningite bacteriana não especificada, 488 (15,3%) como doença meningocócica, 229 (7,2%) como meningite tuberculosa e 110 casos (3,4%) como meningite por hemófilo.","[{""texto"": ""meningite bacteriana"", ""tipo"": ""MANIFESTACAO_CLINICA""}, {""texto"": ""2024"", ""tipo"": ""PERIODO_TEMPORAL""}, {""texto"": ""meningite pneumocócica"", ""tipo"": ""MANIFESTACAO_CLINICA""}, {""texto"": ""meningite por outras bactérias"", ""tipo"": ""MANIFESTACAO_CLINICA""}, {""texto"": ""meningite bacteriana não especificada"", ""tipo"": ""MANIFESTACAO_CLINICA""}, {""texto"": ""doença meningocócica"", ""tipo"": ""MANIFESTACAO_CLINICA""}, {""texto"": ""meningite tuberculosa"", ""tipo"": ""MANIFESTACAO_CLINICA""}, {""texto"": ""meningite por hemófilo"", ""tipo"": ""MANIFESTACAO_CLINICA""}]","[{""texto"": ""meningite bacteriana"", ""tipo"": ""MANIFESTACAO_CLINICA""}, {""texto"": ""2024"", ""tipo"": ""PERIODO_TEMPORAL""}, {""texto"": ""meningite pneumocócica"", ""tipo"": ""MANIFESTACAO_CLINICA""}, {""texto"": ""meningite por outras bactérias"", ""tipo"": ""MANIFESTACAO_CLINICA""}, {""texto"": ""meningite bacteriana não especificada"", ""tipo"": ""MANIFESTACAO_CLINICA""}, {""texto"": ""doença meningocócica"", ""tipo"": ""MANIFESTACAO_CLINICA""}, {""texto"": ""meningite tuberculosa"", ""tipo"": ""MANIFESTACAO_CLINICA""}, {""texto"": ""meningite por hemófilo"", ""tipo"": ""MANIFESTACAO_CLINICA""}]",
pendente,boletim_epidemiologico_v47_n29_s0044,boletim_epidemiologico_v47_n29,2,Comitê Editorial,[],[],
pendente,sireva_2019_s0048,sireva_2019,20,"Nota : Foram realizados testes de sensibilidade aos antimicrobianos em 166 cepas de Neisseria meningitidis ( 98,0%)","[{""texto"": ""testes de sensibilidade"", ""tipo"": ""METODO_LAB""}, {""texto"": ""Neisseria meningitidis"", ""tipo"": ""PATOGENO""}]","[{""texto"": ""testes de sensibilidade"", ""tipo"": ""METODO_LAB""}, {""texto"": ""Neisseria meningitidis"", ""tipo"": ""PATOGENO""}]",
pendente,sireva_2024_s0233,sireva_2024,39,Cynthia Maria Negri,[],[],
pendente,sireva_2013_s0148,sireva_2013,39,Minas Gerais (MG),"[{""texto"": ""Minas Gerais"", ""tipo"": ""LOCAL""}]","[{""texto"": ""Minas Gerais"", ""tipo"": ""LOCAL""}]",
pendente,boletim_eletronico_ano08_n18_s0032,boletim_eletronico_ano08_n18,2,O diagnóstico laboratorial específico é baseado na pesquisa das larvas do parasita no LCR de pacientes (padrão ouro) e na detecção de anticorpos para Angiostrongylus cantonensis no soro ou LCR através da técnica de Western Blot.,"[{""texto"": ""Angiostrongylus cantonensis"", ""tipo"": ""PATOGENO""}, {""texto"": ""LCR"", ""tipo"": ""METODO_LAB""}, {""texto"": ""Western Blot"", ""tipo"": ""METODO_LAB""}]","[{""texto"": ""Angiostrongylus cantonensis"", ""tipo"": ""PATOGENO""}, {""texto"": ""LCR"", ""tipo"": ""METODO_LAB""}, {""texto"": ""Western Blot"", ""tipo"": ""METODO_LAB""}]",
pendente,sireva_2024_s0054,sireva_2024,17,Neisseria meningitidis,"[{""texto"": ""Neisseria meningitidis"", ""tipo"": ""PATOGENO""}]","[{""texto"": ""Neisseria meningitidis"", ""tipo"": ""PATOGENO""}]",
pendente,sireva_2020_s0207,sireva_2020,34,Cristiana M. C. Nascimento,[],[],
pendente,boletim_eletronico_ano10_n03_s0027,boletim_eletronico_ano10_n03,2,"No estado do Rio de Janeiro, nos anos de 2007 e 2008, foram notificados 543 casos confirmados de doença meningocócica, com incidência semelhante à do país (dois casos por 100 mil habitantes) e letalidade média de 24%.","[{""texto"": ""Rio de Janeiro"", ""tipo"": ""LOCAL""}, {""texto"": ""2007 e 2008"", ""tipo"": ""PERIODO_TEMPORAL""}, {""texto"": ""doença meningocócica"", ""tipo"": ""MANIFESTACAO_CLINICA""}, {""texto"": ""incidência"", ""tipo"": ""METRICA_EPI""}, {""texto"": ""letalidade média"", ""tipo"": ""METRICA_EPI""}]","[{""texto"": ""Rio de Janeiro"", ""tipo"": ""LOCAL""}, {""texto"": ""2007 e 2008"", ""tipo"": ""PERIODO_TEMPORAL""}, {""texto"": ""doença meningocócica"", ""tipo"": ""MANIFESTACAO_CLINICA""}, {""texto"": ""incidência"", ""tipo"": ""METRICA_EPI""}, {""texto"": ""letalidade média"", ""tipo"": ""METRICA_EPI""}]",
pendente,boletim_eletronico_ano10_n03_s0100,boletim_eletronico_ano10_n03,4,Disponível em: http://www.cdc.gov/mmwr/preview/mmwrhtml/rr5407a1.htm.,[],[],
pendente,boletim_eletronico_ano08_n17_s0006,boletim_eletronico_ano08_n17,1,"Entre as semanas epidemiológicas 23 e 30, oito casos foram confirmados para DM, sendo que dois evoluíram para óbito.","[{""texto"": ""semanas epidemiológicas 23 e 30"", ""tipo"": ""PERIODO_TEMPORAL""}]","[{""texto"": ""semanas epidemiológicas 23 e 30"", ""tipo"": ""PERIODO_TEMPORAL""}]",
pendente,boletim_epidemiologico_v47_n29_s0017,boletim_epidemiologico_v47_n29,1,"3 Os sorogrupos A, B, C, Y, W e X são responsáveis por praticamente todos os casos da doença no mundo e infectam apenas humanos.","[{""texto"": ""sorogrupos A, B, C, Y, W e X"", ""tipo"": ""SOROTIPO""}, {""texto"": ""doença"", ""tipo"": ""MANIFESTACAO_CLINICA""}, {""texto"": ""mundo"", ""tipo"": ""LOCAL""}]","[{""texto"": ""sorogrupos A, B, C, Y, W e X"", ""tipo"": ""SOROTIPO""}, {""texto"": ""doença"", ""tipo"": ""MANIFESTACAO_CLINICA""}, {""texto"": ""mundo"", ""tipo"": ""LOCAL""}]",
pendente,boletim_epidemiologico_v47_n29_s0103,boletim_epidemiologico_v47_n29,5,"Possivelmente, a redução dos casos de DM nas crianças menores de 1 ano de idade, a partir de 2010, e nas crianças entre 1 e 4 anos, a partir de 2011, pode ser atribuída à introdução da vacina MenC a partir de 2010.","[{""texto"": ""menores de 1 ano de idade"", ""tipo"": ""FAIXA_ETARIA""}, {""texto"": ""2010"", ""tipo"": ""PERIODO_TEMPORAL""}, {""texto"": ""crianças entre 1 e 4 anos"", ""tipo"": ""FAIXA_ETARIA""}, {""texto"": ""2011"", ""tipo"": ""PERIODO_TEMPORAL""}, {""texto"": ""vacina MenC"", ""tipo"": ""PATOGENO""}]","[{""texto"": ""menores de 1 ano de idade"", ""tipo"": ""FAIXA_ETARIA""}, {""texto"": ""2010"", ""tipo"": ""PERIODO_TEMPORAL""}, {""texto"": ""crianças entre 1 e 4 anos"", ""tipo"": ""FAIXA_ETARIA""}, {""texto"": ""2011"", ""tipo"": ""PERIODO_TEMPORAL""}, {""texto"": ""vacina MenC"", ""tipo"": ""PATOGENO""}]",
pendente,sireva_2020_s0026,sireva_2020,9,Haemophilus influenzae,"[{""texto"": ""Haemophilus influenzae"", ""tipo"": ""PATOGENO""}]","[{""texto"": ""Haemophilus influenzae"", ""tipo"": ""PATOGENO""}]",
pendente,boletim_eletronico_ano08_n17_s0028,boletim_eletronico_ano08_n17,2,Para a investigação laboratorial foi coletado líquido cefalorraquidiano (LCR) e sangue dos pacientes suspeitos.,[],[],
pendente,sireva_2013_s0024,sireva_2013,9,Haemophilus influenzae,"[{""texto"": ""Haemophilus influenzae"", ""tipo"": ""PATOGENO""}]","[{""texto"": ""Haemophilus influenzae"", ""tipo"": ""PATOGENO""}]",
pendente,boletim_eletronico_ano10_n03_s0042,boletim_eletronico_ano10_n03,3,"Quanto aos bairros de residência, quatro casos (44%) residiam em Mazomba (zona rural do município), dois casos (22%) em Ibirapitanga, um caso (11%) no Centro, um caso (11%) em Brisamar e um caso (11%) no Bairro Leandro.",[],[],
pendente,boletim_epidemiologico_v47_n29_s0089,boletim_epidemiologico_v47_n29,4,"Na região Sul, predominaram os casos infectados pelo sorogrupo B (50%).","[{""texto"": ""região Sul"", ""tipo"": ""LOCAL""}, {""texto"": ""sorogrupo B"", ""tipo"": ""SOROTIPO""}]","[{""texto"": ""região Sul"", ""tipo"": ""LOCAL""}, {""texto"": ""sorogrupo B"", ""tipo"": ""SOROTIPO""}]",
pendente,boletim_epidemiologico_v50_n03_s0008,boletim_epidemiologico_v50_n03,1,"Entre outras bactérias, podemos destacar também: Mycobacterium tuberculosis ; Streptococcus sp., especialmente os do grupo B; Listeria monocytogenes ; Staphylococcus aureus; Pseudomonas aeruginosa; Klebsiella pneumoniae; Enterobacter sp .; Salmonella sp.e Proteus sp . 1","[{""texto"": ""Mycobacterium tuberculosis"", ""tipo"": ""PATOGENO""}, {""texto"": ""Streptococcus sp."", ""tipo"": ""PATOGENO""}, {""texto"": ""grupo B"", ""tipo"": ""SOROTIPO""}, {""texto"": ""Listeria monocytogenes"", ""tipo"": ""PATOGENO""}, {""texto"": ""Staphylococcus aureus"", ""tipo"": ""PATOGENO""}, {""texto"": ""Pseudomonas aeruginosa"", ""tipo"": ""PATOGENO""}, {""texto"": ""Klebsiella pneumoniae"", ""tipo"": ""PATOGENO""}, {""texto"": ""Enterobacter sp."", ""tipo"": ""PATOGENO""}, {""texto"": ""Salmonella sp."", ""tipo"": ""PATOGENO""}, {""texto"": ""Proteus sp."", ""tipo"": ""PATOGENO""}]","[{""texto"": ""Mycobacterium tuberculosis"", ""tipo"": ""PATOGENO""}, {""texto"": ""Streptococcus sp."", ""tipo"": ""PATOGENO""}, {""texto"": ""grupo B"", ""tipo"": ""SOROTIPO""}, {""texto"": ""Listeria monocytogenes"", ""tipo"": ""PATOGENO""}, {""texto"": ""Staphylococcus aureus"", ""tipo"": ""PATOGENO""}, {""texto"": ""Pseudomonas aeruginosa"", ""tipo"": ""PATOGENO""}, {""texto"": ""Klebsiella pneumoniae"", ""tipo"": ""PATOGENO""}, {""texto"": ""Enterobacter sp."", ""tipo"": ""PATOGENO""}, {""texto"": ""Salmonella sp."", ""tipo"": ""PATOGENO""}, {""texto"": ""Proteus sp."", ""tipo"": ""PATOGENO""}]",
pendente,boletim_epidemiologico_n25_s0552,boletim_epidemiologico_n25,35,"Vacina HIB : devido a indisponibilidade em estoque, não foi possível o envio.",[],[],
pendente,sireva_2017_s0171,sireva_2017,39,"Ribeirão Preto, SP","[{""texto"": ""Ribeirão Preto"", ""tipo"": ""LOCAL""}, {""texto"": ""SP"", ""tipo"": ""LOCAL""}]","[{""texto"": ""Ribeirão Preto"", ""tipo"": ""LOCAL""}, {""texto"": ""SP"", ""tipo"": ""LOCAL""}]",
pendente,sireva_2019_s0026,sireva_2019,11,Haemophilus influenzae,"[{""texto"": ""Haemophilus influenzae"", ""tipo"": ""PATOGENO""}]","[{""texto"": ""Haemophilus influenzae"", ""tipo"": ""PATOGENO""}]",
pendente,sireva_2016_s0241,sireva_2016,42,Nair Tomoko Hosino,[],[],
pendente,sireva_2014_s0227,sireva_2014,40,"Jaildo Canuto, Rosemeire Caponi",[],[],
pendente,sireva_2015_s0038,sireva_2015,15,Neisseria meningitidis,"[{""texto"": ""Neisseria meningitidis"", ""tipo"": ""PATOGENO""}]","[{""texto"": ""Neisseria meningitidis"", ""tipo"": ""PATOGENO""}]",
pendente,informe_meningite_ed02_s0057,informe_meningite_ed02,4,"Dos 486 casos de doença meningocócica confirmados no primeiro semestre de 2025, 267 possuem identificação do sorogrupo.","[{""texto"": ""doença meningocócica"", ""tipo"": ""MANIFESTACAO_CLINICA""}, {""texto"": ""sorogrupo"", ""tipo"": ""SOROTIPO""}, {""texto"": ""primeiro semestre de 2025"", ""tipo"": ""PERIODO_TEMPORAL""}]","[{""texto"": ""doença meningocócica"", ""tipo"": ""MANIFESTACAO_CLINICA""}, {""texto"": ""sorogrupo"", ""tipo"": ""SOROTIPO""}, {""texto"": ""primeiro semestre de 2025"", ""tipo"": ""PERIODO_TEMPORAL""}]",
pendente,boletim_epidemiologico_nesp_s0062,boletim_epidemiologico_nesp,5,Doenças Crônicas não Transmissíveis e Violências,[],[],
pendente,sireva_2020_s0056,sireva_2020,20,Streptococcus pneumoniae,"[{""texto"": ""Streptococcus pneumoniae"", ""tipo"": ""PATOGENO""}]","[{""texto"": ""Streptococcus pneumoniae"", ""tipo"": ""PATOGENO""}]",
pendente,boletim_epidemiologico_nesp_s0171,boletim_epidemiologico_nesp,12,Brasília: Ministério da Saúde; 2017 [citado 2019 jun 17]. 3 v.,[],[],
pendente,sireva_2016_s0042,sireva_2016,20,Neisseria meningitidis,"[{""texto"": ""Neisseria meningitidis"", ""tipo"": ""PATOGENO""}]","[{""texto"": ""Neisseria meningitidis"", ""tipo"": ""PATOGENO""}]",
pendente,sireva_2022_s0222,sireva_2022,35,Centro de Lab Regional - Instituto Adolfo Lutz de Santo André,"[{""texto"": ""Instituto Adolfo Lutz"", ""tipo"": ""LOCAL""}, {""texto"": ""Santo André"", ""tipo"": ""LOCAL""}]","[{""texto"": ""Instituto Adolfo Lutz"", ""tipo"": ""LOCAL""}, {""texto"": ""Santo André"", ""tipo"": ""LOCAL""}]",
pendente,sireva_2019_s0033,sireva_2019,13,Rifampicina (CIM),[],[],
pendente,boletim_epidemiologico_v50_n03_s0029,boletim_epidemiologico_v50_n03,2,Centro de Informações Estratégicas em Vigilância em Saúde/CIEVS/DEVIT/SVS: Giovanny Vinícius Araújo de França (Editor científico).,[],[],
pendente,boletim_epidemiologico_nesp_s0113,boletim_epidemiologico_nesp,9,"a despeito dos esforços para implantação de Vigilância de Doenças Neuroinvasivas por arbovírus - VDNa, iniciada em 2017, os dados disponíveis não permitem estimar a magnitude de ocorrência dessas manifestações neurológicas relacionadas a arbovírus.","[{""texto"": ""Vigilância de Doenças Neuroinvasivas"", ""tipo"": ""MANIFESTACAO_CLINICA""}, {""texto"": ""arbovírus"", ""tipo"": ""PATOGENO""}, {""texto"": ""2017"", ""tipo"": ""PERIODO_TEMPORAL""}]","[{""texto"": ""Vigilância de Doenças Neuroinvasivas"", ""tipo"": ""MANIFESTACAO_CLINICA""}, {""texto"": ""arbovírus"", ""tipo"": ""PATOGENO""}, {""texto"": ""2017"", ""tipo"": ""PERIODO_TEMPORAL""}]",
pendente,sireva_2020_s0208,sireva_2020,34,Hospital das Clínicas da Fac. de Medicina Federal da Bahia,"[{""texto"": ""Hospital das Clínicas da Fac. de Medicina Federal da Bahia"", ""tipo"": ""LOCAL""}]","[{""texto"": ""Hospital das Clínicas da Fac. de Medicina Federal da Bahia"", ""tipo"": ""LOCAL""}]",
pendente,sireva_2017_s0049,sireva_2017,21,Ciprofloxacina (CIM),[],[],
pendente,sireva_2023_s0142,sireva_2023,32,total de outros,[],[],
pendente,boletim_epidemiologico_n38_s0071,boletim_epidemiologico_n38,9,Capacitação online para o controle do Aedes aegypti em Pontos Estratégicos para o estado de Rondônia.,"[{""texto"": ""Aedes aegypti"", ""tipo"": ""PATOGENO""}, {""texto"": ""Pontos Estratégicos"", ""tipo"": ""LOCAL""}, {""texto"": ""Rondônia"", ""tipo"": ""LOCAL""}]","[{""texto"": ""Aedes aegypti"", ""tipo"": ""PATOGENO""}, {""texto"": ""Pontos Estratégicos"", ""tipo"": ""LOCAL""}, {""texto"": ""Rondônia"", ""tipo"": ""LOCAL""}]",
pendente,sireva_2019_s0020,sireva_2019,7,Distribuição dos sorotipos de cepas por grupo etário e diagnóstico.,[],[],
pendente,boletim_eletronico_ano10_n03_s0086,boletim_eletronico_ano10_n03,4,"SES de São Paulo, Divisão de Doenças de Transmissão Respiratória do Centro de Vigilância Epidemiologia Professor Alexandre Vranjac da Coordenadoria de Controle de Doenças.",[],[],
pendente,sireva_2018_s0149,sireva_2018,38,Rio Grande do Sul (RS),"[{""texto"": ""Rio Grande do Sul"", ""tipo"": ""LOCAL""}]","[{""texto"": ""Rio Grande do Sul"", ""tipo"": ""LOCAL""}]",
pendente,boletim_epidemiologico_n25_s0115,boletim_epidemiologico_n25,12,"O sarampo é uma doença viral aguda e extremamente grave, principalmente em crianças menores de 5 anos de idade, pessoas desnutridas e imunodeprimidas.","[{""texto"": ""sarampo"", ""tipo"": ""MANIFESTACAO_CLINICA""}, {""texto"": ""doença viral"", ""tipo"": ""MANIFESTACAO_CLINICA""}, {""texto"": ""crianças menores de 5 anos"", ""tipo"": ""FAIXA_ETARIA""}]","[{""texto"": ""sarampo"", ""tipo"": ""MANIFESTACAO_CLINICA""}, {""texto"": ""doença viral"", ""tipo"": ""MANIFESTACAO_CLINICA""}, {""texto"": ""crianças menores de 5 anos"", ""tipo"": ""FAIXA_ETARIA""}]",
pendente,boletim_epidemiologico_n25_s0386,boletim_epidemiologico_n25,31,"Observou-se que os coeficientes de incidência mais elevados ocorreram em crianças menores de cinco anos e a redução observada após 2010, provavelmente ocorreu devido à introdução da PCV-10 no calendário de vacinação da criança.","[{""texto"": ""coeficientes de incidência"", ""tipo"": ""METRICA_EPI""}, {""texto"": ""crianças menores de cinco anos"", ""tipo"": ""FAIXA_ETARIA""}, {""texto"": ""2010"", ""tipo"": ""PERIODO_TEMPORAL""}, {""texto"": ""PCV-10"", ""tipo"": ""VACINA""}]","[{""texto"": ""coeficientes de incidência"", ""tipo"": ""METRICA_EPI""}, {""texto"": ""crianças menores de cinco anos"", ""tipo"": ""FAIXA_ETARIA""}, {""texto"": ""2010"", ""tipo"": ""PERIODO_TEMPORAL""}, {""texto"": ""PCV-10"", ""tipo"": ""VACINA""}]",
pendente,sireva_2020_s0167,sireva_2020,33,Laboratório de Referência,[],[],
pendente,sireva_2024_s0094,sireva_2024,27,Cepas de quadros de meningites,[],[],
pendente,boletim_eletronico_ano10_n03_s0013,boletim_eletronico_ano10_n03,1,"Entretanto, em geral, o quadro é grave, de início súbito, a exemplo da septicemia (meningococcemia), caracterizada por febre alta, calafrios, prostração, acompanhada de manifestações hemorrágicas na pele (petéquias e equimoses) ou ainda sob a forma de meningite, com ou sem meningococcemia, com febre, cefaléia intensa, náuseas, vômitos e rigidez de nuca, além de outros sinais de irritação meníngea 2 .","[{""texto"": ""septicemia"", ""tipo"": ""MANIFESTACAO_CLINICA""}, {""texto"": ""meningococcemia"", ""tipo"": ""MANIFESTACAO_CLINICA""}, {""texto"": ""meningite"", ""tipo"": ""MANIFESTACAO_CLINICA""}]","[{""texto"": ""septicemia"", ""tipo"": ""MANIFESTACAO_CLINICA""}, {""texto"": ""meningococcemia"", ""tipo"": ""MANIFESTACAO_CLINICA""}, {""texto"": ""meningite"", ""tipo"": ""MANIFESTACAO_CLINICA""}]",
pendente,boletim_epidemiologico_v47_n29_s0151,boletim_epidemiologico_v47_n29,8,"Portaria n o 204, de 17 de fevereiro de 2016.",[],[],
pendente,informe_meningite_ed02_s0160,informe_meningite_ed02,9,"ANEXO D Casos, óbitos e letalidade por meningites bacterianas por raça/cor, faixa etária, sexo e etiologia -Brasil, 2025 1","[{""texto"": ""Brasil"", ""tipo"": ""LOCAL""}, {""texto"": ""2025"", ""tipo"": ""PERIODO_TEMPORAL""}, {""texto"": ""faixa etária"", ""tipo"": ""FAIXA_ETARIA""}, {""texto"": ""letalidade"", ""tipo"": ""METRICA_EPI""}, {""texto"": ""meningites bacterianas"", ""tipo"": ""MANIFESTACAO_CLINICA""}]","[{""texto"": ""Brasil"", ""tipo"": ""LOCAL""}, {""texto"": ""2025"", ""tipo"": ""PERIODO_TEMPORAL""}, {""texto"": ""faixa etária"", ""tipo"": ""FAIXA_ETARIA""}, {""texto"": ""letalidade"", ""tipo"": ""METRICA_EPI""}, {""texto"": ""meningites bacterianas"", ""tipo"": ""MANIFESTACAO_CLINICA""}]",
